filename,width,height,class,xmin,ymin,xmax,ymax
chairnex_914_jpg.rf.90f33f9300472e4fc1ec18f7905afe8f.jpg,640,640,person-wheelchair,152,0,630,640
chairnex_914_jpg.rf.90f33f9300472e4fc1ec18f7905afe8f.jpg,640,640,person-wheelchair,170,137,610,640
chair2_19962_jpg.rf.97c95775fff51d9d0656fcdc79bcbd30.jpg,640,640,person-wheelchair,95,27,390,625
chair2_19962_jpg.rf.97c95775fff51d9d0656fcdc79bcbd30.jpg,640,640,wheelchair,107,196,389,623
chairnex_654_jpg.rf.944f205e1a3e29c52f18228a29bf165d.jpg,640,640,person-wheelchair,326,127,500,598
chairnex_654_jpg.rf.944f205e1a3e29c52f18228a29bf165d.jpg,640,640,wheelchair,316,322,497,598
chair2_10589_jpg.rf.9f3d04d054aaf19c26b8f8c952f4ec32.jpg,640,640,wheelchair,224,195,397,536
chair2_10589_jpg.rf.9f3d04d054aaf19c26b8f8c952f4ec32.jpg,640,640,human,403,0,517,549
chair2_10589_jpg.rf.9f3d04d054aaf19c26b8f8c952f4ec32.jpg,640,640,human,100,6,233,537
chair2_10589_jpg.rf.9f3d04d054aaf19c26b8f8c952f4ec32.jpg,640,640,person-wheelchair,231,17,391,547
chairnex_578_jpg.rf.9426a799f527eafb51b3aecd1baea52e.jpg,640,640,wheelchair,299,266,390,430
chairnex_578_jpg.rf.9426a799f527eafb51b3aecd1baea52e.jpg,640,640,person-wheelchair,299,172,393,432
chairnex_343_jpg.rf.998e7bbea578794d04301e08d3a9c1db.jpg,640,640,person-wheelchair,350,107,444,365
chairnex_343_jpg.rf.998e7bbea578794d04301e08d3a9c1db.jpg,640,640,wheelchair,348,204,446,360
chair_8743_jpg.rf.9607cb705ff41acd3ded6e75c6adb562.jpg,640,640,wheelchair,266,215,590,640
chair_8743_jpg.rf.9607cb705ff41acd3ded6e75c6adb562.jpg,640,640,person-wheelchair,281,0,595,640
chair_9352_jpg.rf.9b928d756f43a0a38b376bd9bc484440.jpg,640,640,person-wheelchair,249,111,407,580
chair_9352_jpg.rf.9b928d756f43a0a38b376bd9bc484440.jpg,640,640,wheelchair,255,251,405,563
chairnex_609_jpg.rf.9c80453a433fdcfe4e26012c6684cd01.jpg,640,640,person-wheelchair,230,45,426,622
chairnex_609_jpg.rf.9c80453a433fdcfe4e26012c6684cd01.jpg,640,640,wheelchair,224,270,424,615
chairnex_593_jpg.rf.9fe46f8398ed6e35e776a3ad2c362342.jpg,640,640,wheelchair,270,197,504,640
chairnex_593_jpg.rf.9fe46f8398ed6e35e776a3ad2c362342.jpg,640,640,person-wheelchair,267,0,508,640
chair2_13849_jpg.rf.920b57f5eefc4053dad6ff5971f0512e.jpg,640,640,person-wheelchair,0,0,341,640
chair2_13849_jpg.rf.920b57f5eefc4053dad6ff5971f0512e.jpg,640,640,wheelchair,9,187,342,640
chairnex_85_jpg.rf.9ab1f761de59fd8fc1802d6fd91fa808.jpg,640,640,wheelchair,260,260,456,551
chairnex_85_jpg.rf.9ab1f761de59fd8fc1802d6fd91fa808.jpg,640,640,person-wheelchair,262,59,458,577
chair_15836_jpg.rf.9aabc94fe14ed87c0b78c104e8228f3d.jpg,640,640,person-wheelchair,167,11,452,640
chair_15836_jpg.rf.9aabc94fe14ed87c0b78c104e8228f3d.jpg,640,640,wheelchair,183,197,448,639
chair2_6681_jpg.rf.a05a280edbfe67b4635da6f551e2ff0d.jpg,640,640,wheelchair,258,164,530,640
chair2_6681_jpg.rf.a05a280edbfe67b4635da6f551e2ff0d.jpg,640,640,person-wheelchair,248,1,544,640
chairnex_280_jpg.rf.977cecb187be8407ac81afc03c33721f.jpg,640,640,person-wheelchair,326,142,413,369
chairnex_280_jpg.rf.977cecb187be8407ac81afc03c33721f.jpg,640,640,wheelchair,322,228,411,365
chair2_4261_jpg.rf.a1eed9fd7ef8b2ccb93586c2322e43fe.jpg,640,640,wheelchair,165,131,566,640
chair2_4261_jpg.rf.a1eed9fd7ef8b2ccb93586c2322e43fe.jpg,640,640,person-wheelchair,168,0,568,640
chairnex_252_jpg.rf.9d1ac522367b23d9fc7526928285beed.jpg,640,640,wheelchair,224,239,423,599
chairnex_252_jpg.rf.9d1ac522367b23d9fc7526928285beed.jpg,640,640,person-wheelchair,232,23,424,573
chairnex_561_jpg.rf.99ff61a8d18154f46f691d602b6c719a.jpg,640,640,person-wheelchair,159,29,389,640
chairnex_561_jpg.rf.99ff61a8d18154f46f691d602b6c719a.jpg,640,640,wheelchair,160,250,384,640
chairnex_154_jpg.rf.9d812e3c325fc349f7a1edb924d81618.jpg,640,640,wheelchair,257,305,479,626
chairnex_154_jpg.rf.9d812e3c325fc349f7a1edb924d81618.jpg,640,640,person-wheelchair,255,28,477,624
chairnex_154_jpg.rf.a27c73f7cad71573a64b1767ad3a5815.jpg,640,640,wheelchair,161,305,383,626
chairnex_154_jpg.rf.a27c73f7cad71573a64b1767ad3a5815.jpg,640,640,person-wheelchair,163,28,385,624
chairnex_773_jpg.rf.a14027a2969709f7afb647bb4d14f244.jpg,640,640,person-wheelchair,130,70,442,639
chairnex_773_jpg.rf.a14027a2969709f7afb647bb4d14f244.jpg,640,640,wheelchair,148,374,423,640
chairnex_708_jpg.rf.96f17ff6917f680bb697cfbade831416.jpg,640,640,person-wheelchair,0,47,261,631
chairnex_708_jpg.rf.96f17ff6917f680bb697cfbade831416.jpg,640,640,wheelchair,0,236,250,615
chairnex_906_jpg.rf.98f804655717194b48b465791e1533e3.jpg,640,640,wheelchair,248,324,420,623
chairnex_906_jpg.rf.98f804655717194b48b465791e1533e3.jpg,640,640,person-wheelchair,255,101,427,616
chair2_7458_jpg.rf.9df12cb96c0f1968da9e3ed282ed5794.jpg,640,640,person-wheelchair,251,27,511,613
chair2_7458_jpg.rf.9df12cb96c0f1968da9e3ed282ed5794.jpg,640,640,wheelchair,258,206,515,608
chair2_19103_jpg.rf.a5b25962b4687211b9730a67da87c3b9.jpg,640,640,person-wheelchair,240,37,501,599
chair2_19103_jpg.rf.a5b25962b4687211b9730a67da87c3b9.jpg,640,640,wheelchair,234,232,501,603
chair2_19103_jpg.rf.a5b25962b4687211b9730a67da87c3b9.jpg,640,640,human,510,225,548,449
chair_4270_jpg.rf.acdbea980b0327b3a704ea028efc369f.jpg,640,640,wheelchair,168,229,476,640
chair_4270_jpg.rf.acdbea980b0327b3a704ea028efc369f.jpg,640,640,person-wheelchair,160,11,475,640
chair2_3089_jpg.rf.a62c6dde100edb44f385499c162de591.jpg,640,640,wheelchair,312,170,630,635
chair2_3089_jpg.rf.a62c6dde100edb44f385499c162de591.jpg,640,640,person-wheelchair,310,0,633,637
chairnex_758_jpg.rf.ae700f7768339591990b057dc65772fe.jpg,640,640,person-wheelchair,254,87,432,630
chairnex_758_jpg.rf.ae700f7768339591990b057dc65772fe.jpg,640,640,wheelchair,255,305,423,611
chairnex_581_jpg.rf.ac9f87b966745bc6b9b9fa225c70ecee.jpg,640,640,person-wheelchair,94,168,238,556
chairnex_581_jpg.rf.ac9f87b966745bc6b9b9fa225c70ecee.jpg,640,640,wheelchair,97,308,247,550
chair2_2987_jpg.rf.a4f3343fe196ae99e486089c20e170d8.jpg,640,640,person-wheelchair,91,2,473,640
chair2_2987_jpg.rf.a4f3343fe196ae99e486089c20e170d8.jpg,640,640,wheelchair,90,124,471,640
chair_1141_jpg.rf.9f7c2ca0692a9bcd6c2c695659d69236.jpg,640,640,person-wheelchair,258,31,454,611
chair_1141_jpg.rf.9f7c2ca0692a9bcd6c2c695659d69236.jpg,640,640,wheelchair,251,217,449,589
chairnex_879_jpg.rf.b14f656126347354be014a697651bbbd.jpg,640,640,person-wheelchair,239,119,351,464
chairnex_879_jpg.rf.b14f656126347354be014a697651bbbd.jpg,640,640,wheelchair,244,281,349,461
chair2_5176_jpg.rf.ae2ac178cdb51c81edd2534b8da91d48.jpg,640,640,person-wheelchair,235,82,403,567
chair2_5176_jpg.rf.ae2ac178cdb51c81edd2534b8da91d48.jpg,640,640,wheelchair,244,237,400,566
chair2_2987_jpg.rf.b2a01e4ef7779e2d0aa8a8191710e744.jpg,640,640,person-wheelchair,167,2,549,640
chair2_2987_jpg.rf.b2a01e4ef7779e2d0aa8a8191710e744.jpg,640,640,wheelchair,169,124,550,640
chairnex_30_jpg.rf.aeb24660fa301b92318937989d5bfbab.jpg,640,640,person-wheelchair,239,63,424,585
chairnex_30_jpg.rf.aeb24660fa301b92318937989d5bfbab.jpg,640,640,wheelchair,236,304,417,582
chairnex_593_jpg.rf.ad1d67f71101aef7624e80eaba82f3be.jpg,640,640,wheelchair,270,197,504,640
chairnex_593_jpg.rf.ad1d67f71101aef7624e80eaba82f3be.jpg,640,640,person-wheelchair,267,0,508,640
chair_10039_jpg.rf.b151fd54416170fb5e1a9acc86a46518.jpg,640,640,person-wheelchair,334,26,612,624
chair_10039_jpg.rf.b151fd54416170fb5e1a9acc86a46518.jpg,640,640,wheelchair,342,222,608,622
chairnex_561_jpg.rf.ae381d8cb9b2f86bbd81170e039e3312.jpg,640,640,person-wheelchair,251,29,481,640
chairnex_561_jpg.rf.ae381d8cb9b2f86bbd81170e039e3312.jpg,640,640,wheelchair,256,250,480,640
chair2_18684_jpg.rf.a9debf5c6514468fa9dc7b115bb33a62.jpg,640,640,person-wheelchair,222,7,390,551
chair2_18684_jpg.rf.a9debf5c6514468fa9dc7b115bb33a62.jpg,640,640,wheelchair,219,184,391,545
chair2_18684_jpg.rf.a9debf5c6514468fa9dc7b115bb33a62.jpg,640,640,human,63,0,227,561
chair2_18684_jpg.rf.a9debf5c6514468fa9dc7b115bb33a62.jpg,640,640,human,388,0,496,596
chairnex_138_jpg.rf.b196c8f07afb236d53848b6c295fa8f5.jpg,640,640,person-wheelchair,275,228,405,535
chairnex_138_jpg.rf.b196c8f07afb236d53848b6c295fa8f5.jpg,640,640,wheelchair,280,332,410,531
chair_1141_jpg.rf.b4a1d127a6657e0b6e4e73e4f2938a4f.jpg,640,640,person-wheelchair,186,31,382,611
chair_1141_jpg.rf.b4a1d127a6657e0b6e4e73e4f2938a4f.jpg,640,640,wheelchair,191,217,389,589
chairnex_475_jpg.rf.af5b7bddb32620b507703714d8d1c360.jpg,640,640,person-wheelchair,336,106,449,447
chairnex_475_jpg.rf.af5b7bddb32620b507703714d8d1c360.jpg,640,640,wheelchair,332,244,450,444
chair_17720_jpg.rf.b42fda4c07045efde290f1a8bd398196.jpg,640,640,person-wheelchair,182,0,454,640
chair_17720_jpg.rf.b42fda4c07045efde290f1a8bd398196.jpg,640,640,wheelchair,180,199,456,640
chairnex_669_jpg.rf.b5abf23c52ac5da41d8faae1b83b1d71.jpg,640,640,wheelchair,189,307,400,640
chairnex_669_jpg.rf.b5abf23c52ac5da41d8faae1b83b1d71.jpg,640,640,person-wheelchair,194,13,431,640
chair2_15701_jpg.rf.b562a3de49c661cbe949be93b7a69eb5.jpg,640,640,wheelchair,339,263,568,568
chair2_15701_jpg.rf.b562a3de49c661cbe949be93b7a69eb5.jpg,640,640,person-wheelchair,337,104,555,564
chair2_15701_jpg.rf.b562a3de49c661cbe949be93b7a69eb5.jpg,640,640,human,214,126,280,474
chair2_19962_jpg.rf.b1f335e4496bb636969dbef3f0574d1e.jpg,640,640,person-wheelchair,95,27,390,625
chair2_19962_jpg.rf.b1f335e4496bb636969dbef3f0574d1e.jpg,640,640,wheelchair,107,196,389,623
chair2_4261_jpg.rf.ad8dd481130f7548d65be32f276b1e01.jpg,640,640,wheelchair,165,131,566,640
chair2_4261_jpg.rf.ad8dd481130f7548d65be32f276b1e01.jpg,640,640,person-wheelchair,168,0,568,640
chair2_7035_jpg.rf.aee3476e7d1594053a579d12f220a6e5.jpg,640,640,person-wheelchair,84,94,289,553
chair2_7035_jpg.rf.aee3476e7d1594053a579d12f220a6e5.jpg,640,640,wheelchair,83,242,285,551
chair2_5494_jpg.rf.b7f74d6b8c7dc1b615a9bc66c5811b2c.jpg,640,640,wheelchair,156,134,478,640
chair2_5494_jpg.rf.b7f74d6b8c7dc1b615a9bc66c5811b2c.jpg,640,640,person-wheelchair,152,6,478,640
chairnex_788_jpg.rf.b5e6e22ed150251ad7fea423e02e657e.jpg,640,640,wheelchair,201,326,351,595
chairnex_788_jpg.rf.b5e6e22ed150251ad7fea423e02e657e.jpg,640,640,person-wheelchair,198,112,350,595
chair_7690_jpg.rf.b70674e0288f74c977ca91f0c1dac8e7.jpg,640,640,person-wheelchair,204,114,394,611
chair_7690_jpg.rf.b70674e0288f74c977ca91f0c1dac8e7.jpg,640,640,wheelchair,204,242,388,602
chairnex_192_jpg.rf.aa10275962371689df593d82e2492362.jpg,640,640,wheelchair,0,33,406,640
chair2_9861_jpg.rf.ab0305f4e31b942353611bdf48dd5893.jpg,640,640,human,139,163,224,479
chair2_9861_jpg.rf.ab0305f4e31b942353611bdf48dd5893.jpg,640,640,wheelchair,202,219,408,633
chair2_9861_jpg.rf.ab0305f4e31b942353611bdf48dd5893.jpg,640,640,person-wheelchair,206,11,406,634
chairnex_624_jpg.rf.b6396a4ce64cde9871f699af26b5cffb.jpg,640,640,wheelchair,277,290,388,492
chairnex_624_jpg.rf.b6396a4ce64cde9871f699af26b5cffb.jpg,640,640,person-wheelchair,276,85,394,491
chairnex_624_jpg.rf.b5ae9f9b4c71a2c248d2d8b420138bfe.jpg,640,640,wheelchair,277,290,388,492
chairnex_624_jpg.rf.b5ae9f9b4c71a2c248d2d8b420138bfe.jpg,640,640,person-wheelchair,276,85,394,491
chair2_9861_jpg.rf.bb63a2cc895a952b445317f2af5b5bf8.jpg,640,640,human,417,163,502,479
chair2_9861_jpg.rf.bb63a2cc895a952b445317f2af5b5bf8.jpg,640,640,wheelchair,232,219,438,633
chair2_9861_jpg.rf.bb63a2cc895a952b445317f2af5b5bf8.jpg,640,640,person-wheelchair,234,11,434,634
chair_6261_jpg.rf.b9922a2400b54528f20ce1c0399835ef.jpg,640,640,wheelchair,312,208,552,632
chair_6261_jpg.rf.b9922a2400b54528f20ce1c0399835ef.jpg,640,640,person-wheelchair,320,34,552,640
chair2_3130_jpg.rf.b850a75def2ab7946950770a0b9691b6.jpg,640,640,person-wheelchair,197,0,447,640
chair2_3130_jpg.rf.b850a75def2ab7946950770a0b9691b6.jpg,640,640,wheelchair,193,188,441,640
chair2_3824_jpg.rf.bb583df7faae34493eb9181a2c164388.jpg,640,640,wheelchair,117,198,414,633
chair2_3824_jpg.rf.bb583df7faae34493eb9181a2c164388.jpg,640,640,person-wheelchair,112,6,410,634
chair2_3824_jpg.rf.bb583df7faae34493eb9181a2c164388.jpg,640,640,human,502,105,580,484
chair2_10711_jpg.rf.b726910c1940e25fe6f2ec1fc2693842.jpg,640,640,person-wheelchair,93,2,492,640
chair2_10711_jpg.rf.b726910c1940e25fe6f2ec1fc2693842.jpg,640,640,wheelchair,105,111,456,640
chair2_2096_jpg.rf.bd402c3b1f7810ab3a205f05d947e992.jpg,640,640,wheelchair,240,277,346,503
chair2_2096_jpg.rf.bd402c3b1f7810ab3a205f05d947e992.jpg,640,640,person-wheelchair,238,176,346,501
chair2_4261_jpg.rf.be9ac9e828ec2eab79d0e9852e35c3b9.jpg,640,640,wheelchair,74,131,475,640
chair2_4261_jpg.rf.be9ac9e828ec2eab79d0e9852e35c3b9.jpg,640,640,person-wheelchair,72,0,472,640
chair2_19962_jpg.rf.b9e9231531719ff5ea8569042372f2cb.jpg,640,640,person-wheelchair,251,27,546,625
chair2_19962_jpg.rf.b9e9231531719ff5ea8569042372f2cb.jpg,640,640,wheelchair,251,196,533,623
chair_6651_jpg.rf.bbcb19556678abd2f52f43c512787388.jpg,640,640,wheelchair,177,188,451,640
chair_6651_jpg.rf.bbcb19556678abd2f52f43c512787388.jpg,640,640,person-wheelchair,174,0,457,640
chairnex_609_jpg.rf.bd1647f92e8200621db1c7ba9c91c3ee.jpg,640,640,person-wheelchair,214,45,410,622
chairnex_609_jpg.rf.bd1647f92e8200621db1c7ba9c91c3ee.jpg,640,640,wheelchair,216,270,416,615
chairnex_894_jpg.rf.b86236f4ff27805918eeaa2317ae4041.jpg,640,640,wheelchair,221,291,359,517
chairnex_894_jpg.rf.b86236f4ff27805918eeaa2317ae4041.jpg,640,640,person-wheelchair,172,27,404,515
chair_16936_jpg.rf.bab75bec939e1b9deeea674b92a8e07d.jpg,640,640,wheelchair,171,194,458,640
chair_16936_jpg.rf.bab75bec939e1b9deeea674b92a8e07d.jpg,640,640,person-wheelchair,167,0,459,633
chair_4270_jpg.rf.bf4f9f20750d4e6415cc57204aec6499.jpg,640,640,wheelchair,164,229,472,640
chair_4270_jpg.rf.bf4f9f20750d4e6415cc57204aec6499.jpg,640,640,person-wheelchair,165,11,480,640
chair2_18691_jpg.rf.bed4722617da6931021eb285d53e50bd.jpg,640,640,human,565,146,635,508
chair2_18691_jpg.rf.bed4722617da6931021eb285d53e50bd.jpg,640,640,human,67,184,125,458
chair2_18691_jpg.rf.bed4722617da6931021eb285d53e50bd.jpg,640,640,wheelchair,115,195,399,635
chair2_18691_jpg.rf.bed4722617da6931021eb285d53e50bd.jpg,640,640,person-wheelchair,117,0,397,622
chairnex_419_jpg.rf.bf53e983ceda46e6ff2d6c23036e54a4.jpg,640,640,person-wheelchair,311,145,435,455
chairnex_419_jpg.rf.bf53e983ceda46e6ff2d6c23036e54a4.jpg,640,640,wheelchair,304,268,432,442
chairnex_758_jpg.rf.bfcf4b06e296a99283f4d306bd129d45.jpg,640,640,person-wheelchair,254,87,432,630
chairnex_758_jpg.rf.bfcf4b06e296a99283f4d306bd129d45.jpg,640,640,wheelchair,255,305,423,611
chairnex_816_jpg.rf.bfb7a4b85be2bfe49afccd463ade8efe.jpg,640,640,person-wheelchair,222,33,432,640
chairnex_816_jpg.rf.bfb7a4b85be2bfe49afccd463ade8efe.jpg,640,640,wheelchair,212,250,440,639
chair_8743_jpg.rf.beee2abb14c9910b27da52fb3bd2454e.jpg,640,640,wheelchair,266,215,590,640
chair_8743_jpg.rf.beee2abb14c9910b27da52fb3bd2454e.jpg,640,640,person-wheelchair,281,0,595,640
chairnex_206_jpg.rf.bd6365adfeac105a578b09c34e58d79f.jpg,640,640,wheelchair,300,250,382,381
chairnex_206_jpg.rf.bd6365adfeac105a578b09c34e58d79f.jpg,640,640,person-wheelchair,297,135,382,383
chairnex_639_jpg.rf.c2d09a37d3162580420198581dbbba1a.jpg,640,640,wheelchair,168,292,354,608
chairnex_639_jpg.rf.c2d09a37d3162580420198581dbbba1a.jpg,640,640,person-wheelchair,167,101,353,603
chair_6651_jpg.rf.c5f43594e6aed00f68c06d3d492cd68a.jpg,640,640,wheelchair,177,188,451,640
chair_6651_jpg.rf.c5f43594e6aed00f68c06d3d492cd68a.jpg,640,640,person-wheelchair,174,0,457,640
chairnex_18_jpg.rf.c48fd5f5235e809f57fea44f50e40cbe.jpg,640,640,wheelchair,351,270,560,599
chairnex_18_jpg.rf.c48fd5f5235e809f57fea44f50e40cbe.jpg,640,640,person-wheelchair,363,43,561,612
chairnex_705_jpg.rf.ca46a663aa6cf223b5debf423292fcca.jpg,640,640,wheelchair,315,283,429,462
chairnex_705_jpg.rf.ca46a663aa6cf223b5debf423292fcca.jpg,640,640,person-wheelchair,312,152,431,465
chair_6106_jpg.rf.bd9260eba471fef0934ce59a242d035a.jpg,640,640,person-wheelchair,78,0,428,640
chair_6106_jpg.rf.bd9260eba471fef0934ce59a242d035a.jpg,640,640,wheelchair,79,200,427,640
chair_5575_jpg.rf.ca3cbfd3279b9112f628438b2eb8df61.jpg,640,640,wheelchair,202,218,499,640
chair_5575_jpg.rf.ca3cbfd3279b9112f628438b2eb8df61.jpg,640,640,person-wheelchair,202,4,510,640
chair2_8096_jpg.rf.c0dba0d80e26fdfb6c24ad387f7ff3ba.jpg,640,640,person-wheelchair,389,212,501,546
chair2_8096_jpg.rf.c0dba0d80e26fdfb6c24ad387f7ff3ba.jpg,640,640,wheelchair,399,318,501,529
chairnex_250_jpg.rf.c752f474ec9cbb428a1df546cd4c90fa.jpg,640,640,person-wheelchair,260,84,465,604
chairnex_250_jpg.rf.c752f474ec9cbb428a1df546cd4c90fa.jpg,640,640,wheelchair,245,256,469,600
chair2_2443_jpg.rf.c6d86a13db30632a9bfaef1477bbfa68.jpg,640,640,wheelchair,249,204,444,618
chair2_2443_jpg.rf.c6d86a13db30632a9bfaef1477bbfa68.jpg,640,640,person-wheelchair,242,22,444,615
chairnex_879_jpg.rf.c30025a5a1b956697bff1b6a7604b86c.jpg,640,640,person-wheelchair,290,119,402,464
chairnex_879_jpg.rf.c30025a5a1b956697bff1b6a7604b86c.jpg,640,640,wheelchair,291,281,396,461
chairnex_479_jpg.rf.c27a4dca1a7bd094371b5a3644366027.jpg,640,640,wheelchair,259,299,438,640
chairnex_479_jpg.rf.c27a4dca1a7bd094371b5a3644366027.jpg,640,640,person-wheelchair,227,72,445,636
chair2_13109_jpg.rf.caa5b91349e97e367379e17f4c67af48.jpg,640,640,person-wheelchair,346,2,640,640
chair2_13109_jpg.rf.caa5b91349e97e367379e17f4c67af48.jpg,640,640,wheelchair,339,208,638,640
chair_10174_jpg.rf.c24ccdf9447ce8d05dae9ec6470175cd.jpg,640,640,wheelchair,193,189,399,631
chair_10174_jpg.rf.c24ccdf9447ce8d05dae9ec6470175cd.jpg,640,640,person-wheelchair,186,10,396,630
chair_4242_jpg.rf.c2c24a2236b7fbdb7277a4ca411955e2.jpg,640,640,person-wheelchair,209,14,445,622
chair_4242_jpg.rf.c2c24a2236b7fbdb7277a4ca411955e2.jpg,640,640,wheelchair,212,207,442,616
chair_10039_jpg.rf.c2b55974a8f2321745430e81273bb673.jpg,640,640,person-wheelchair,334,26,612,624
chair_10039_jpg.rf.c2b55974a8f2321745430e81273bb673.jpg,640,640,wheelchair,342,222,608,622
chair2_15334_jpg.rf.c4362ba908e497a46498b0a1b21abc0a.jpg,640,640,wheelchair,74,146,419,640
chair2_15334_jpg.rf.c4362ba908e497a46498b0a1b21abc0a.jpg,640,640,person-wheelchair,100,1,422,640
chairnex_935_jpg.rf.c97cc21853a6655a85a570c8876979aa.jpg,640,640,person-wheelchair,172,119,299,475
chairnex_935_jpg.rf.c97cc21853a6655a85a570c8876979aa.jpg,640,640,wheelchair,182,299,291,475
chairnex_211_jpg.rf.c30aebc02659c3f6d30d9ca7720dd694.jpg,640,640,person-wheelchair,257,189,414,535
chairnex_211_jpg.rf.c30aebc02659c3f6d30d9ca7720dd694.jpg,640,640,wheelchair,255,316,407,534
chairnex_758_jpg.rf.ccc26acb369099f6433849cd44c1482d.jpg,640,640,person-wheelchair,208,87,386,630
chairnex_758_jpg.rf.ccc26acb369099f6433849cd44c1482d.jpg,640,640,wheelchair,217,305,385,611
chair2_14711_jpg.rf.cb03cb118660f1d743d22fabb88c89ca.jpg,640,640,wheelchair,152,229,382,587
chair2_14711_jpg.rf.cb03cb118660f1d743d22fabb88c89ca.jpg,640,640,person-wheelchair,133,46,391,584
chair2_14711_jpg.rf.cb03cb118660f1d743d22fabb88c89ca.jpg,640,640,human,0,163,60,458
chairnex_479_jpg.rf.ceefd7ac4e9ad48a90b609f2c4c1b98c.jpg,640,640,wheelchair,202,299,381,640
chairnex_479_jpg.rf.ceefd7ac4e9ad48a90b609f2c4c1b98c.jpg,640,640,person-wheelchair,196,72,414,636
chair2_3129_jpg.rf.cc9e55097a58ddfc51f2169cb91cb5c2.jpg,640,640,person-wheelchair,68,57,362,618
chair2_3129_jpg.rf.cc9e55097a58ddfc51f2169cb91cb5c2.jpg,640,640,wheelchair,72,232,356,599
chair2_3129_jpg.rf.cc9e55097a58ddfc51f2169cb91cb5c2.jpg,640,640,human,466,105,575,499
chairnex_13_jpg.rf.cccd4d2c96f66b8d88908006f9aa9e3d.jpg,640,640,wheelchair,321,338,463,573
chairnex_13_jpg.rf.cccd4d2c96f66b8d88908006f9aa9e3d.jpg,640,640,person-wheelchair,316,140,458,568
chair_9312_jpg.rf.cb66e0f52f9e895e18cac80f43b86ce3.jpg,640,640,wheelchair,167,205,469,640
chair_9312_jpg.rf.cb66e0f52f9e895e18cac80f43b86ce3.jpg,640,640,person-wheelchair,156,75,466,640
chair2_7035_jpg.rf.cfe1604e92d551fc1cc2a0d08dbddb5a.jpg,640,640,person-wheelchair,84,94,289,553
chair2_7035_jpg.rf.cfe1604e92d551fc1cc2a0d08dbddb5a.jpg,640,640,wheelchair,83,242,285,551
chairnex_252_jpg.rf.d09ae4ae75c7170520946a58504ee7c5.jpg,640,640,wheelchair,224,239,423,599
chairnex_252_jpg.rf.d09ae4ae75c7170520946a58504ee7c5.jpg,640,640,person-wheelchair,232,23,424,573
chairnex_407_jpg.rf.cf5ab6e29406e2403d1b31d15d4f8896.jpg,640,640,person-wheelchair,243,103,439,640
chairnex_407_jpg.rf.cf5ab6e29406e2403d1b31d15d4f8896.jpg,640,640,wheelchair,247,320,437,640
chairnex_705_jpg.rf.d094eb11ef7eeb53891e791a2eeba850.jpg,640,640,wheelchair,315,283,429,462
chairnex_705_jpg.rf.d094eb11ef7eeb53891e791a2eeba850.jpg,640,640,person-wheelchair,312,152,431,465
chair_16809_jpg.rf.d0a1b78647e4e769774b19833fefc200.jpg,640,640,person-wheelchair,286,168,421,523
chair_16809_jpg.rf.d0a1b78647e4e769774b19833fefc200.jpg,640,640,wheelchair,292,267,420,535
chairnex_905_jpg.rf.d4497dbc6306c401b658abdb58073d11.jpg,640,640,person-wheelchair,304,231,386,454
chairnex_905_jpg.rf.d4497dbc6306c401b658abdb58073d11.jpg,640,640,wheelchair,310,326,383,450
chairnex_788_jpg.rf.d43393e8710936b5095b2cc0e8271398.jpg,640,640,wheelchair,289,326,439,595
chairnex_788_jpg.rf.d43393e8710936b5095b2cc0e8271398.jpg,640,640,person-wheelchair,291,112,443,595
chair2_11760_jpg.rf.cfc7b62195e665f1f362e9dc490917fb.jpg,640,640,person-wheelchair,224,160,356,516
chair2_11760_jpg.rf.cfc7b62195e665f1f362e9dc490917fb.jpg,640,640,wheelchair,216,280,348,512
chairnex_556_jpg.rf.d42033c59547050239d8ae9dfb347188.jpg,640,640,wheelchair,295,295,579,640
chairnex_556_jpg.rf.d42033c59547050239d8ae9dfb347188.jpg,640,640,person-wheelchair,289,0,579,640
chair2_19871_jpg.rf.d81c157036bba9edb8a292cecd11d79b.jpg,640,640,wheelchair,154,159,501,640
chair2_19871_jpg.rf.d81c157036bba9edb8a292cecd11d79b.jpg,640,640,person-wheelchair,159,2,496,640
chair2_4544_jpg.rf.d6fa40e1945bda5def127cba643cfa96.jpg,640,640,person-wheelchair,265,133,408,544
chair2_4544_jpg.rf.d6fa40e1945bda5def127cba643cfa96.jpg,640,640,wheelchair,257,267,404,568
chairnex_890_jpg.rf.d1d47cec0083cb6014731684a3b66469.jpg,640,640,person-wheelchair,287,115,408,439
chairnex_890_jpg.rf.d1d47cec0083cb6014731684a3b66469.jpg,640,640,wheelchair,288,244,410,426
chair2_6671_jpg.rf.d97aa0ce5b857551f1aeaa9be63d67aa.jpg,640,640,human,438,110,522,470
chair2_6671_jpg.rf.d97aa0ce5b857551f1aeaa9be63d67aa.jpg,640,640,human,339,152,405,468
chair2_6671_jpg.rf.d97aa0ce5b857551f1aeaa9be63d67aa.jpg,640,640,person-wheelchair,56,2,331,640
chair2_6671_jpg.rf.d97aa0ce5b857551f1aeaa9be63d67aa.jpg,640,640,wheelchair,56,210,329,636
chairnex_631_jpg.rf.d8e488c6fab9abf928d5999dcfc8caca.jpg,640,640,person-wheelchair,111,74,344,640
chairnex_631_jpg.rf.d8e488c6fab9abf928d5999dcfc8caca.jpg,640,640,wheelchair,109,338,337,640
chair2_12471_jpg.rf.d85f068ce9a9a637d471cc003cb29db5.jpg,640,640,wheelchair,225,302,305,468
chair2_12471_jpg.rf.d85f068ce9a9a637d471cc003cb29db5.jpg,640,640,person-wheelchair,224,203,310,471
chair2_9269_jpg.rf.d2aba5bdcb8d4230e27fd3484bb312fa.jpg,640,640,person-wheelchair,284,1,640,640
chair2_9269_jpg.rf.d2aba5bdcb8d4230e27fd3484bb312fa.jpg,640,640,wheelchair,289,231,640,640
chairnex_301_jpg.rf.d6d93ebb62e2669c147e54cbc4cd1094.jpg,640,640,wheelchair,246,286,389,529
chairnex_301_jpg.rf.d6d93ebb62e2669c147e54cbc4cd1094.jpg,640,640,person-wheelchair,247,93,383,534
chairnex_654_jpg.rf.dcfa25126142dad53d96476d061a8f14.jpg,640,640,person-wheelchair,326,127,500,598
chairnex_654_jpg.rf.dcfa25126142dad53d96476d061a8f14.jpg,640,640,wheelchair,316,322,497,598
chair_2223_jpg.rf.dd8fba40b903cb55cfa4d2f4f9f8e387.jpg,640,640,wheelchair,149,224,337,601
chair_2223_jpg.rf.dd8fba40b903cb55cfa4d2f4f9f8e387.jpg,640,640,person-wheelchair,146,101,338,611
chairnex_812_jpg.rf.cd71eb85fe25c557b45d732039b780e2.jpg,640,640,person-wheelchair,222,0,422,507
chairnex_812_jpg.rf.cd71eb85fe25c557b45d732039b780e2.jpg,640,640,wheelchair,230,183,418,505
chairnex_812_jpg.rf.de1915ce3a7ab9743ebe32aa3e45cc48.jpg,640,640,person-wheelchair,218,0,418,507
chairnex_812_jpg.rf.de1915ce3a7ab9743ebe32aa3e45cc48.jpg,640,640,wheelchair,222,183,410,505
chair2_6623_jpg.rf.d81d49d59272e206ec2609ae3368e0ff.jpg,640,640,wheelchair,243,219,441,617
chair2_6623_jpg.rf.d81d49d59272e206ec2609ae3368e0ff.jpg,640,640,person-wheelchair,244,23,442,614
chair2_6623_jpg.rf.d81d49d59272e206ec2609ae3368e0ff.jpg,640,640,human,512,238,548,444
chairnex_85_jpg.rf.dea1f36decce1cf45c790f9a6f12f2dd.jpg,640,640,wheelchair,184,260,380,551
chairnex_85_jpg.rf.dea1f36decce1cf45c790f9a6f12f2dd.jpg,640,640,person-wheelchair,183,59,379,577
chair2_19640_jpg.rf.dd2f01add1f7c5ade68ff063f5e896f1.jpg,640,640,person-wheelchair,47,0,466,640
chair2_19640_jpg.rf.dd2f01add1f7c5ade68ff063f5e896f1.jpg,640,640,wheelchair,52,127,464,640
chair2_11760_jpg.rf.dc18b3783fafb75766399aeca19d75d3.jpg,640,640,person-wheelchair,284,160,416,516
chair2_11760_jpg.rf.dc18b3783fafb75766399aeca19d75d3.jpg,640,640,wheelchair,292,280,424,512
chair2_13247_jpg.rf.dee72c1035a2c26280583597c2398de2.jpg,640,640,person-wheelchair,312,205,402,487
chair2_13247_jpg.rf.dee72c1035a2c26280583597c2398de2.jpg,640,640,wheelchair,318,302,400,487
chair2_18491_jpg.rf.e052870772e547b6cd82c0f19bd33e29.jpg,640,640,wheelchair,37,198,323,640
chair2_18491_jpg.rf.e052870772e547b6cd82c0f19bd33e29.jpg,640,640,person-wheelchair,35,1,312,639
chairnex_77_jpg.rf.da83a8408087c97e3112cdc19f6d9c1b.jpg,640,640,wheelchair,339,283,528,575
chairnex_77_jpg.rf.da83a8408087c97e3112cdc19f6d9c1b.jpg,640,640,person-wheelchair,336,108,528,581
chairnex_609_jpg.rf.dfe068e5da7fd494a18ea05f85e24230.jpg,640,640,person-wheelchair,230,45,426,622
chairnex_609_jpg.rf.dfe068e5da7fd494a18ea05f85e24230.jpg,640,640,wheelchair,224,270,424,615
chair2_6961_jpg.rf.deae0c808f1d944103bff0520ce28555.jpg,640,640,wheelchair,40,65,435,640
chair2_6961_jpg.rf.deae0c808f1d944103bff0520ce28555.jpg,640,640,person-wheelchair,36,2,455,640
chairnex_708_jpg.rf.e522577b77a30e66b4a68928b5a669bb.jpg,640,640,person-wheelchair,0,47,261,631
chairnex_708_jpg.rf.e522577b77a30e66b4a68928b5a669bb.jpg,640,640,wheelchair,0,236,250,615
chairnex_408_jpg.rf.df982294630f9aab037dcdb9742fdd40.jpg,640,640,wheelchair,264,319,423,590
chairnex_408_jpg.rf.df982294630f9aab037dcdb9742fdd40.jpg,640,640,person-wheelchair,265,94,421,592
chair2_9887_jpg.rf.e0b70465bfae1ff82c1bdef22bd5b29c.jpg,640,640,person-wheelchair,252,137,377,536
chair2_9887_jpg.rf.e0b70465bfae1ff82c1bdef22bd5b29c.jpg,640,640,wheelchair,252,271,376,526
chair2_18691_jpg.rf.e2d88d65bab80ab89000e458f78d4f81.jpg,640,640,human,565,146,635,508
chair2_18691_jpg.rf.e2d88d65bab80ab89000e458f78d4f81.jpg,640,640,human,67,184,125,458
chair2_18691_jpg.rf.e2d88d65bab80ab89000e458f78d4f81.jpg,640,640,wheelchair,115,195,399,635
chair2_18691_jpg.rf.e2d88d65bab80ab89000e458f78d4f81.jpg,640,640,person-wheelchair,117,0,397,622
chairnex_408_jpg.rf.e08c63fe2f3bb6e63ae8a56773bd0da5.jpg,640,640,wheelchair,264,319,423,590
chairnex_408_jpg.rf.e08c63fe2f3bb6e63ae8a56773bd0da5.jpg,640,640,person-wheelchair,265,94,421,592
chair2_19294_jpg.rf.e7424e535e73bcc63fc3887e612540bf.jpg,640,640,person-wheelchair,222,166,335,513
chair2_19294_jpg.rf.e7424e535e73bcc63fc3887e612540bf.jpg,640,640,wheelchair,217,284,337,504
chairnex_992_jpg.rf.e268ae3db756287e5a42767c93ab18ca.jpg,640,640,wheelchair,265,116,578,586
chairnex_992_jpg.rf.e268ae3db756287e5a42767c93ab18ca.jpg,640,640,person-wheelchair,263,0,577,584
chairnex_475_jpg.rf.e69219fe7bdc11a17204a5c543b5f5bd.jpg,640,640,person-wheelchair,336,106,449,447
chairnex_475_jpg.rf.e69219fe7bdc11a17204a5c543b5f5bd.jpg,640,640,wheelchair,332,244,450,444
chair2_19294_jpg.rf.dfb27886a47884031ac49966172190a9.jpg,640,640,person-wheelchair,222,166,335,513
chair2_19294_jpg.rf.dfb27886a47884031ac49966172190a9.jpg,640,640,wheelchair,217,284,337,504
chairnex_13_jpg.rf.e1125ec8036cc6791270897cd4c71b1e.jpg,640,640,wheelchair,177,338,319,573
chairnex_13_jpg.rf.e1125ec8036cc6791270897cd4c71b1e.jpg,640,640,person-wheelchair,182,140,324,568
chair2_2443_jpg.rf.e71b5bbcaf4dd31e7a82c38c05371a30.jpg,640,640,wheelchair,249,204,444,618
chair2_2443_jpg.rf.e71b5bbcaf4dd31e7a82c38c05371a30.jpg,640,640,person-wheelchair,242,22,444,615
chair_13129_jpg.rf.e5f97d753c5d6bb866c1e0133b2e70ba.jpg,640,640,wheelchair,146,133,454,640
chair_13129_jpg.rf.e5f97d753c5d6bb866c1e0133b2e70ba.jpg,640,640,person-wheelchair,144,0,446,640
chair2_12641_jpg.rf.ea10fefccc94e724dd59e3beb7b7599e.jpg,640,640,wheelchair,211,211,459,636
chair2_12641_jpg.rf.ea10fefccc94e724dd59e3beb7b7599e.jpg,640,640,person-wheelchair,213,4,458,605
chair2_12641_jpg.rf.ea10fefccc94e724dd59e3beb7b7599e.jpg,640,640,human,44,178,114,470
chair2_12641_jpg.rf.ea10fefccc94e724dd59e3beb7b7599e.jpg,640,640,human,481,214,515,441
chair_7690_jpg.rf.e464f86a60689db18d23d56f94c05cfa.jpg,640,640,person-wheelchair,246,114,436,611
chair_7690_jpg.rf.e464f86a60689db18d23d56f94c05cfa.jpg,640,640,wheelchair,252,242,436,602
chair2_7458_jpg.rf.e8ee2dcadc41e5a0061e48a6abf4d934.jpg,640,640,person-wheelchair,129,27,389,613
chair2_7458_jpg.rf.e8ee2dcadc41e5a0061e48a6abf4d934.jpg,640,640,wheelchair,126,206,383,608
chair2_12471_jpg.rf.e84e19d8c13aaef337381469591fb85c.jpg,640,640,wheelchair,335,302,415,468
chair2_12471_jpg.rf.e84e19d8c13aaef337381469591fb85c.jpg,640,640,person-wheelchair,331,203,417,471
chairnex_773_jpg.rf.ea289850d9ffeb878a24b9e4eac95bda.jpg,640,640,person-wheelchair,198,70,510,639
chairnex_773_jpg.rf.ea289850d9ffeb878a24b9e4eac95bda.jpg,640,640,wheelchair,217,374,492,640
chairnex_447_jpg.rf.e95cc095bca30cd331e5d45d91ca99e1.jpg,640,640,person-wheelchair,201,75,381,561
chairnex_447_jpg.rf.e95cc095bca30cd331e5d45d91ca99e1.jpg,640,640,wheelchair,199,284,368,572
chairnex_890_jpg.rf.e8de41429d143b3e0762e637140d8d61.jpg,640,640,person-wheelchair,233,115,354,439
chairnex_890_jpg.rf.e8de41429d143b3e0762e637140d8d61.jpg,640,640,wheelchair,230,244,352,426
chairnex_504_jpg.rf.ea96057dfe53ed8092ed209555ac472e.jpg,640,640,person-wheelchair,136,1,346,640
chairnex_504_jpg.rf.ea96057dfe53ed8092ed209555ac472e.jpg,640,640,wheelchair,139,302,351,640
chairnex_788_jpg.rf.ed17124ff43c8fb19d4598530ca857ce.jpg,640,640,wheelchair,201,326,351,595
chairnex_788_jpg.rf.ed17124ff43c8fb19d4598530ca857ce.jpg,640,640,person-wheelchair,198,112,350,595
chair2_18684_jpg.rf.eb7904a1048a337d3e1dabc9c56583d3.jpg,640,640,person-wheelchair,222,7,390,551
chair2_18684_jpg.rf.eb7904a1048a337d3e1dabc9c56583d3.jpg,640,640,wheelchair,219,184,391,545
chair2_18684_jpg.rf.eb7904a1048a337d3e1dabc9c56583d3.jpg,640,640,human,63,0,227,561
chair2_18684_jpg.rf.eb7904a1048a337d3e1dabc9c56583d3.jpg,640,640,human,388,0,496,596
chair2_15701_jpg.rf.ec2c9273789723825608e30b8cb4c389.jpg,640,640,wheelchair,339,263,568,568
chair2_15701_jpg.rf.ec2c9273789723825608e30b8cb4c389.jpg,640,640,person-wheelchair,337,104,555,564
chair2_15701_jpg.rf.ec2c9273789723825608e30b8cb4c389.jpg,640,640,human,214,126,280,474
chairnex_511_jpg.rf.f25d3b4a5aa56a958eef2b3663dfcd4e.jpg,640,640,wheelchair,136,337,420,640
chairnex_511_jpg.rf.f25d3b4a5aa56a958eef2b3663dfcd4e.jpg,640,640,person-wheelchair,128,15,426,640
chairnex_511_jpg.rf.ee6333a3d005bbd1da5bec079ab773a4.jpg,640,640,wheelchair,136,337,420,640
chairnex_511_jpg.rf.ee6333a3d005bbd1da5bec079ab773a4.jpg,640,640,person-wheelchair,128,15,426,640
chair2_17474_jpg.rf.f323e81d3bc908032641ef96c522afc1.jpg,640,640,person-wheelchair,40,0,330,640
chair2_17474_jpg.rf.f323e81d3bc908032641ef96c522afc1.jpg,640,640,wheelchair,55,170,330,640
chair2_10589_jpg.rf.ec90db0a27065efa335ceac73ddc9137.jpg,640,640,wheelchair,224,195,397,536
chair2_10589_jpg.rf.ec90db0a27065efa335ceac73ddc9137.jpg,640,640,human,403,0,517,549
chair2_10589_jpg.rf.ec90db0a27065efa335ceac73ddc9137.jpg,640,640,human,100,6,233,537
chair2_10589_jpg.rf.ec90db0a27065efa335ceac73ddc9137.jpg,640,640,person-wheelchair,231,17,391,547
chair2_15701_jpg.rf.e758624a93c87a68af9737b2bdf80e5c.jpg,640,640,wheelchair,72,263,301,568
chair2_15701_jpg.rf.e758624a93c87a68af9737b2bdf80e5c.jpg,640,640,person-wheelchair,85,104,303,564
chair2_15701_jpg.rf.e758624a93c87a68af9737b2bdf80e5c.jpg,640,640,human,360,126,426,474
chairnex_407_jpg.rf.ef4674e76665ac574169aa7a60c10b14.jpg,640,640,person-wheelchair,202,103,398,640
chairnex_407_jpg.rf.ef4674e76665ac574169aa7a60c10b14.jpg,640,640,wheelchair,203,320,393,640
chairnex_932_jpg.rf.f744e68e040dcf976a31f6d96286381f.jpg,640,640,person-wheelchair,297,79,425,447
chairnex_932_jpg.rf.f744e68e040dcf976a31f6d96286381f.jpg,640,640,wheelchair,294,257,412,447
chair_3118_jpg.rf.ebb3fb5a3c4fbcfb4ce5bfdaec3ca9ca.jpg,640,640,wheelchair,309,164,608,638
chair_3118_jpg.rf.ebb3fb5a3c4fbcfb4ce5bfdaec3ca9ca.jpg,640,640,person-wheelchair,304,1,611,640
chair_3118_jpg.rf.ebb3fb5a3c4fbcfb4ce5bfdaec3ca9ca.jpg,640,640,human,208,142,312,553
chair2_9861_jpg.rf.eacf26338226652b185430b9682ab4a9.jpg,640,640,human,417,163,502,479
chair2_9861_jpg.rf.eacf26338226652b185430b9682ab4a9.jpg,640,640,wheelchair,232,219,438,633
chair2_9861_jpg.rf.eacf26338226652b185430b9682ab4a9.jpg,640,640,person-wheelchair,234,11,434,634
chair2_6623_jpg.rf.ee3f307197554502854a6bfcc9e93515.jpg,640,640,wheelchair,243,219,441,617
chair2_6623_jpg.rf.ee3f307197554502854a6bfcc9e93515.jpg,640,640,person-wheelchair,244,23,442,614
chair2_6623_jpg.rf.ee3f307197554502854a6bfcc9e93515.jpg,640,640,human,512,238,548,444
chair_4242_jpg.rf.f615e0e2c4c337cb642e26e13211550e.jpg,640,640,person-wheelchair,195,14,431,622
chair_4242_jpg.rf.f615e0e2c4c337cb642e26e13211550e.jpg,640,640,wheelchair,198,207,428,616
chairnex_211_jpg.rf.eaf848c6861c6dc7b259845bcf8ddb86.jpg,640,640,person-wheelchair,227,189,384,535
chairnex_211_jpg.rf.eaf848c6861c6dc7b259845bcf8ddb86.jpg,640,640,wheelchair,234,316,386,534
chair2_10589_jpg.rf.f736c7f9bc53cdb9c2221e023d99fecd.jpg,640,640,wheelchair,224,195,397,536
chair2_10589_jpg.rf.f736c7f9bc53cdb9c2221e023d99fecd.jpg,640,640,human,403,0,517,549
chair2_10589_jpg.rf.f736c7f9bc53cdb9c2221e023d99fecd.jpg,640,640,human,100,6,233,537
chair2_10589_jpg.rf.f736c7f9bc53cdb9c2221e023d99fecd.jpg,640,640,person-wheelchair,231,17,391,547
chairnex_400_jpg.rf.fb95a4f33d05224d989f6bacbba88c7f.jpg,640,640,wheelchair,231,317,438,628
chairnex_400_jpg.rf.fb95a4f33d05224d989f6bacbba88c7f.jpg,640,640,person-wheelchair,236,42,430,610
chair2_19294_jpg.rf.fb1e7323516468e5724199b655072ec2.jpg,640,640,person-wheelchair,222,166,335,513
chair2_19294_jpg.rf.fb1e7323516468e5724199b655072ec2.jpg,640,640,wheelchair,217,284,337,504
chair_5218_jpg.rf.ef37271fe3ab41e028a5d14fe19c57ff.jpg,640,640,person-wheelchair,146,0,424,640
chair_5218_jpg.rf.ef37271fe3ab41e028a5d14fe19c57ff.jpg,640,640,wheelchair,141,198,431,640
chair_5218_jpg.rf.ef37271fe3ab41e028a5d14fe19c57ff.jpg,640,640,human,378,21,494,527
chair2_6292_jpg.rf.f3777473314fe23a331e8599cfbb752c.jpg,640,640,wheelchair,268,195,530,640
chair2_6292_jpg.rf.f3777473314fe23a331e8599cfbb752c.jpg,640,640,person-wheelchair,275,0,533,640
chair2_17474_jpg.rf.fb84795e64fea7d9ec5e9c2d32a17d39.jpg,640,640,person-wheelchair,310,0,600,640
chair2_17474_jpg.rf.fb84795e64fea7d9ec5e9c2d32a17d39.jpg,640,640,wheelchair,310,170,585,640
chair2_8352_jpg.rf.fbcffd6ab72028dc39d3c70a53affe75.jpg,640,640,wheelchair,388,219,630,640
chair2_8352_jpg.rf.fbcffd6ab72028dc39d3c70a53affe75.jpg,640,640,person-wheelchair,373,1,631,640
chairnex_295_jpg.rf.f91b3064d8c21b4d2455ac6d3035a7d5.jpg,640,640,person-wheelchair,268,130,383,460
chairnex_295_jpg.rf.f91b3064d8c21b4d2455ac6d3035a7d5.jpg,640,640,wheelchair,267,259,387,453
chair2_3666_jpg.rf.f7573de5141a090f47b367dd78909ecf.jpg,640,640,person-wheelchair,255,186,362,530
chair2_3666_jpg.rf.f7573de5141a090f47b367dd78909ecf.jpg,640,640,wheelchair,259,317,359,521
chair_15836_jpg.rf.fd882dfef4b933d699ca3a2ee1bbcce4.jpg,640,640,person-wheelchair,167,11,452,640
chair_15836_jpg.rf.fd882dfef4b933d699ca3a2ee1bbcce4.jpg,640,640,wheelchair,183,197,448,639
chair2_13849_jpg.rf.fcb114eb51dbdde6349a139f4303d879.jpg,640,640,person-wheelchair,299,0,640,640
chair2_13849_jpg.rf.fcb114eb51dbdde6349a139f4303d879.jpg,640,640,wheelchair,298,187,631,640
chairnex_561_jpg.rf.fc5721e6fdf9f7ebe3a94e128f50050f.jpg,640,640,person-wheelchair,251,29,481,640
chairnex_561_jpg.rf.fc5721e6fdf9f7ebe3a94e128f50050f.jpg,640,640,wheelchair,256,250,480,640
chair2_2096_jpg.rf.ffe9ee7bcac7fe7814662e4443742a71.jpg,640,640,wheelchair,240,277,346,503
chair2_2096_jpg.rf.ffe9ee7bcac7fe7814662e4443742a71.jpg,640,640,person-wheelchair,238,176,346,501
chairnex_593_jpg.rf.ff226724015913e00ca574a3f3dad0bf.jpg,640,640,wheelchair,136,197,370,640
chairnex_593_jpg.rf.ff226724015913e00ca574a3f3dad0bf.jpg,640,640,person-wheelchair,132,0,373,640
chairnex_250_jpg.rf.fc96421826aed8fa94ad79d316f61241.jpg,640,640,person-wheelchair,260,84,465,604
chairnex_250_jpg.rf.fc96421826aed8fa94ad79d316f61241.jpg,640,640,wheelchair,245,256,469,600
chairnex_708_jpg.rf.fba58996a7fd07596ad6b45ed0de1c6e.jpg,640,640,person-wheelchair,379,47,640,631
chairnex_708_jpg.rf.fba58996a7fd07596ad6b45ed0de1c6e.jpg,640,640,wheelchair,390,236,640,615
chair_5575_jpg.rf.f9120c0ace2efa61767c99166bcca6fe.jpg,640,640,wheelchair,202,218,499,640
chair_5575_jpg.rf.f9120c0ace2efa61767c99166bcca6fe.jpg,640,640,person-wheelchair,202,4,510,640
chair2_11262_jpg.rf.0140598da1393bd1f6473ee6c3360fd6.jpg,640,640,wheelchair,14,238,357,640
chair2_11262_jpg.rf.0140598da1393bd1f6473ee6c3360fd6.jpg,640,640,person-wheelchair,2,3,353,631
chairnex_475_jpg.rf.028e95239a6f9db1c3ac50ce66ebeb6f.jpg,640,640,person-wheelchair,191,106,304,447
chairnex_475_jpg.rf.028e95239a6f9db1c3ac50ce66ebeb6f.jpg,640,640,wheelchair,190,244,308,444
chair_6624_jpg.rf.02e6b55d48328b12dc1da4543431521d.jpg,640,640,person-wheelchair,323,0,607,640
chair_6624_jpg.rf.02e6b55d48328b12dc1da4543431521d.jpg,640,640,wheelchair,324,173,598,640
chairnex_297_jpg.rf.00043a92d8ba4cd5ffea6e4bafba6dde.jpg,640,640,person-wheelchair,124,0,618,640
chairnex_297_jpg.rf.00043a92d8ba4cd5ffea6e4bafba6dde.jpg,640,640,wheelchair,123,105,619,640
chairnex_301_jpg.rf.027a43fe6f5c0de8aeb5b0cbbb581b0c.jpg,640,640,wheelchair,252,286,395,529
chairnex_301_jpg.rf.027a43fe6f5c0de8aeb5b0cbbb581b0c.jpg,640,640,person-wheelchair,257,93,393,534
chair_14812_jpg.rf.0288be42f4e1fbe401e1cddaa52a7838.jpg,640,640,wheelchair,276,198,582,640
chair_14812_jpg.rf.0288be42f4e1fbe401e1cddaa52a7838.jpg,640,640,person-wheelchair,276,53,589,640
chair_6624_jpg.rf.04a88d90959be39268b5e402babe1cf4.jpg,640,640,person-wheelchair,33,0,317,640
chair_6624_jpg.rf.04a88d90959be39268b5e402babe1cf4.jpg,640,640,wheelchair,42,173,316,640
chairnex_30_jpg.rf.04e08c402bea3fd58c7610b87432689b.jpg,640,640,person-wheelchair,216,63,401,585
chairnex_30_jpg.rf.04e08c402bea3fd58c7610b87432689b.jpg,640,640,wheelchair,223,304,404,582
chair2_3824_jpg.rf.05aa27af8045e2fc60a6430132a20bd9.jpg,640,640,wheelchair,117,198,414,633
chair2_3824_jpg.rf.05aa27af8045e2fc60a6430132a20bd9.jpg,640,640,person-wheelchair,112,6,410,634
chair2_3824_jpg.rf.05aa27af8045e2fc60a6430132a20bd9.jpg,640,640,human,502,105,580,484
chair_13129_jpg.rf.07d940fe60e3f11636061cb31350c9f0.jpg,640,640,wheelchair,146,133,454,640
chair_13129_jpg.rf.07d940fe60e3f11636061cb31350c9f0.jpg,640,640,person-wheelchair,144,0,446,640
chairnex_30_jpg.rf.0377b309ffc6321e6b44793ef19e4761.jpg,640,640,person-wheelchair,239,63,424,585
chairnex_30_jpg.rf.0377b309ffc6321e6b44793ef19e4761.jpg,640,640,wheelchair,236,304,417,582
chairnex_987_jpg.rf.0446914eb7d7b139d65f74796f740544.jpg,640,640,wheelchair,151,322,383,640
chairnex_987_jpg.rf.0446914eb7d7b139d65f74796f740544.jpg,640,640,person-wheelchair,129,68,387,640
chairnex_408_jpg.rf.08b89add956e4cebed13b307824fd416.jpg,640,640,wheelchair,218,319,377,590
chairnex_408_jpg.rf.08b89add956e4cebed13b307824fd416.jpg,640,640,person-wheelchair,219,94,375,592
chair2_3089_jpg.rf.07f4f1a524d1dfcf0f4730bd380d128f.jpg,640,640,wheelchair,11,170,329,635
chair2_3089_jpg.rf.07f4f1a524d1dfcf0f4730bd380d128f.jpg,640,640,person-wheelchair,7,0,330,637
chairnex_46_jpg.rf.0832286a0ab5a7104e6ab61f172e5c2d.jpg,640,640,wheelchair,217,336,430,640
chairnex_46_jpg.rf.0832286a0ab5a7104e6ab61f172e5c2d.jpg,640,640,person-wheelchair,215,49,444,640
chair2_13247_jpg.rf.0c0562bfd6fd20edca451791d180ff7a.jpg,640,640,person-wheelchair,238,205,328,487
chair2_13247_jpg.rf.0c0562bfd6fd20edca451791d180ff7a.jpg,640,640,wheelchair,240,302,322,487
chair2_6671_jpg.rf.096af766080ac5f1171e024685685041.jpg,640,640,human,118,110,202,470
chair2_6671_jpg.rf.096af766080ac5f1171e024685685041.jpg,640,640,human,235,152,301,468
chair2_6671_jpg.rf.096af766080ac5f1171e024685685041.jpg,640,640,person-wheelchair,309,2,584,640
chair2_6671_jpg.rf.096af766080ac5f1171e024685685041.jpg,640,640,wheelchair,311,210,584,636
chair_6624_jpg.rf.0c22feefcca071367e14a447c00229e4.jpg,640,640,person-wheelchair,323,0,607,640
chair_6624_jpg.rf.0c22feefcca071367e14a447c00229e4.jpg,640,640,wheelchair,324,173,598,640
chair2_14905_jpg.rf.0d993721932aadfd9b40786e39f5e233.jpg,640,640,wheelchair,216,245,438,579
chair2_14905_jpg.rf.0d993721932aadfd9b40786e39f5e233.jpg,640,640,person-wheelchair,208,69,434,571
chairnex_422_jpg.rf.0d99953ad2144a0e00144349f56c12fa.jpg,640,640,wheelchair,150,247,357,617
chairnex_422_jpg.rf.0d99953ad2144a0e00144349f56c12fa.jpg,640,640,person-wheelchair,154,15,358,629
chair_6261_jpg.rf.09b339f560518e4aa3aee27d1aaf5a2f.jpg,640,640,wheelchair,312,208,552,632
chair_6261_jpg.rf.09b339f560518e4aa3aee27d1aaf5a2f.jpg,640,640,person-wheelchair,320,34,552,640
chairnex_557_jpg.rf.1137a48ae20f02b06e2f94b18651e446.jpg,640,640,person-wheelchair,265,6,538,624
chairnex_557_jpg.rf.1137a48ae20f02b06e2f94b18651e446.jpg,640,640,wheelchair,277,193,533,623
chair2_6292_jpg.rf.0d9f24d0f48b69c6ceafdfd01a8d477c.jpg,640,640,wheelchair,268,195,530,640
chair2_6292_jpg.rf.0d9f24d0f48b69c6ceafdfd01a8d477c.jpg,640,640,person-wheelchair,275,0,533,640
chairnex_905_jpg.rf.15594c17d29545f25de6ed2a5d091925.jpg,640,640,person-wheelchair,304,231,386,454
chairnex_905_jpg.rf.15594c17d29545f25de6ed2a5d091925.jpg,640,640,wheelchair,310,326,383,450
chair2_11760_jpg.rf.1340ec7696dd25d99704085a8244a1c4.jpg,640,640,person-wheelchair,224,160,356,516
chair2_11760_jpg.rf.1340ec7696dd25d99704085a8244a1c4.jpg,640,640,wheelchair,216,280,348,512
chair_9352_jpg.rf.173709337ccedf196bdb3773bd0ce184.jpg,640,640,person-wheelchair,249,111,407,580
chair_9352_jpg.rf.173709337ccedf196bdb3773bd0ce184.jpg,640,640,wheelchair,255,251,405,563
chairnex_987_jpg.rf.049e4c79f5c102aee025847d54f78b5d.jpg,640,640,wheelchair,151,322,383,640
chairnex_987_jpg.rf.049e4c79f5c102aee025847d54f78b5d.jpg,640,640,person-wheelchair,129,68,387,640
chairnex_407_jpg.rf.0a54778145ecfcfdd2136243966cb063.jpg,640,640,person-wheelchair,202,103,398,640
chairnex_407_jpg.rf.0a54778145ecfcfdd2136243966cb063.jpg,640,640,wheelchair,203,320,393,640
chairnex_992_jpg.rf.0ff53c7b1a4cfde3b65090d84ef4b167.jpg,640,640,wheelchair,265,116,578,586
chairnex_992_jpg.rf.0ff53c7b1a4cfde3b65090d84ef4b167.jpg,640,640,person-wheelchair,263,0,577,584
chair_8743_jpg.rf.0fd1e98c462e7bdb81fe99783530aa15.jpg,640,640,wheelchair,266,215,590,640
chair_8743_jpg.rf.0fd1e98c462e7bdb81fe99783530aa15.jpg,640,640,person-wheelchair,281,0,595,640
chairnex_879_jpg.rf.1775f0d9e4ab1b8b83d11f9bbff77151.jpg,640,640,person-wheelchair,290,119,402,464
chairnex_879_jpg.rf.1775f0d9e4ab1b8b83d11f9bbff77151.jpg,640,640,wheelchair,291,281,396,461
chairnex_894_jpg.rf.160ca29b07f2411a7ec2fdfe84ab5cd0.jpg,640,640,wheelchair,221,291,359,517
chairnex_894_jpg.rf.160ca29b07f2411a7ec2fdfe84ab5cd0.jpg,640,640,person-wheelchair,172,27,404,515
chair2_6681_jpg.rf.183411ea19bf1204b8ac51787a5a59d2.jpg,640,640,wheelchair,258,164,530,640
chair2_6681_jpg.rf.183411ea19bf1204b8ac51787a5a59d2.jpg,640,640,person-wheelchair,248,1,544,640
chair2_10711_jpg.rf.080e0581bd43187f895f208e64194f47.jpg,640,640,person-wheelchair,148,2,547,640
chair2_10711_jpg.rf.080e0581bd43187f895f208e64194f47.jpg,640,640,wheelchair,184,111,535,640
chairnex_639_jpg.rf.1c0d77f15151f63cde474aeebea89364.jpg,640,640,wheelchair,286,292,472,608
chairnex_639_jpg.rf.1c0d77f15151f63cde474aeebea89364.jpg,640,640,person-wheelchair,288,101,474,603
chair2_15334_jpg.rf.1b7cdd13cf133b582ce77dcca767776a.jpg,640,640,wheelchair,221,146,566,640
chair2_15334_jpg.rf.1b7cdd13cf133b582ce77dcca767776a.jpg,640,640,person-wheelchair,218,1,540,640
chairnex_581_jpg.rf.1d8b9f119d8957dcdeb5222af4a14801.jpg,640,640,person-wheelchair,402,168,546,556
chairnex_581_jpg.rf.1d8b9f119d8957dcdeb5222af4a14801.jpg,640,640,wheelchair,393,308,543,550
chair2_7903_jpg.rf.1c04e44c0a19f5013750049ae5ac9e2e.jpg,640,640,wheelchair,265,203,392,489
chair2_7903_jpg.rf.1c04e44c0a19f5013750049ae5ac9e2e.jpg,640,640,person-wheelchair,260,85,396,487
chairnex_906_jpg.rf.18ed9cc7d74c22fd86da36baac36d938.jpg,640,640,wheelchair,220,324,392,623
chairnex_906_jpg.rf.18ed9cc7d74c22fd86da36baac36d938.jpg,640,640,person-wheelchair,213,101,385,616
chairnex_773_jpg.rf.17886d6d337eea4785c983bca27d444d.jpg,640,640,person-wheelchair,198,70,510,639
chairnex_773_jpg.rf.17886d6d337eea4785c983bca27d444d.jpg,640,640,wheelchair,217,374,492,640
chairnex_297_jpg.rf.19613c1e842d1aecd99871d3936e7a4a.jpg,640,640,person-wheelchair,22,0,516,640
chairnex_297_jpg.rf.19613c1e842d1aecd99871d3936e7a4a.jpg,640,640,wheelchair,21,105,517,640
chair2_7750_jpg.rf.1f096d46f9aa40f2e48f9137bc6b12d7.jpg,640,640,person-wheelchair,247,60,395,513
chair2_7750_jpg.rf.1f096d46f9aa40f2e48f9137bc6b12d7.jpg,640,640,wheelchair,251,215,394,511
chairnex_46_jpg.rf.1d6dfccd21890d2289e4664b3e400404.jpg,640,640,wheelchair,210,336,423,640
chairnex_46_jpg.rf.1d6dfccd21890d2289e4664b3e400404.jpg,640,640,person-wheelchair,197,49,426,640
chairnex_343_jpg.rf.1f7f625e72243f9bff0a3aa135e968a7.jpg,640,640,person-wheelchair,350,107,444,365
chairnex_343_jpg.rf.1f7f625e72243f9bff0a3aa135e968a7.jpg,640,640,wheelchair,348,204,446,360
chair_8980_jpg.rf.1ff9fd8b2503bede8817d23acf2fce38.jpg,640,640,person-wheelchair,221,28,513,640
chair_8980_jpg.rf.1ff9fd8b2503bede8817d23acf2fce38.jpg,640,640,wheelchair,213,222,509,634
chair_5218_jpg.rf.1fcbcb198445a55d95eefa8aa283fbca.jpg,640,640,person-wheelchair,216,0,494,640
chair_5218_jpg.rf.1fcbcb198445a55d95eefa8aa283fbca.jpg,640,640,wheelchair,209,198,499,640
chair_5218_jpg.rf.1fcbcb198445a55d95eefa8aa283fbca.jpg,640,640,human,146,21,262,527
chair2_9269_jpg.rf.25e86709376e885c461facdf0ded58c8.jpg,640,640,person-wheelchair,0,1,356,640
chair2_9269_jpg.rf.25e86709376e885c461facdf0ded58c8.jpg,640,640,wheelchair,0,231,351,640
chair2_7750_jpg.rf.2180c5f53079a13e17437cda7577dd4e.jpg,640,640,person-wheelchair,247,60,395,513
chair2_7750_jpg.rf.2180c5f53079a13e17437cda7577dd4e.jpg,640,640,wheelchair,251,215,394,511
chair2_19871_jpg.rf.1d7ca6da7a3a5ce1802c10018f208315.jpg,640,640,wheelchair,154,159,501,640
chair2_19871_jpg.rf.1d7ca6da7a3a5ce1802c10018f208315.jpg,640,640,person-wheelchair,159,2,496,640
chair_3118_jpg.rf.180f187f54576d675ecfca2e130b7b3f.jpg,640,640,wheelchair,33,164,332,638
chair_3118_jpg.rf.180f187f54576d675ecfca2e130b7b3f.jpg,640,640,person-wheelchair,29,1,336,640
chair_3118_jpg.rf.180f187f54576d675ecfca2e130b7b3f.jpg,640,640,human,329,142,433,553
chairnex_625_jpg.rf.1965e4058bf4f847b568edccace6d12c.jpg,640,640,wheelchair,241,90,601,640
chairnex_625_jpg.rf.1965e4058bf4f847b568edccace6d12c.jpg,640,640,person-wheelchair,239,0,608,640
chair2_9887_jpg.rf.2b8b473a642e5604af3e3ba1bfc1ad8e.jpg,640,640,person-wheelchair,263,137,388,536
chair2_9887_jpg.rf.2b8b473a642e5604af3e3ba1bfc1ad8e.jpg,640,640,wheelchair,264,271,388,526
chair2_6671_jpg.rf.287fdb015003613f2c7fdc40fc5ae3b5.jpg,640,640,human,118,110,202,470
chair2_6671_jpg.rf.287fdb015003613f2c7fdc40fc5ae3b5.jpg,640,640,human,235,152,301,468
chair2_6671_jpg.rf.287fdb015003613f2c7fdc40fc5ae3b5.jpg,640,640,person-wheelchair,309,2,584,640
chair2_6671_jpg.rf.287fdb015003613f2c7fdc40fc5ae3b5.jpg,640,640,wheelchair,311,210,584,636
chairnex_625_jpg.rf.20589c51c452dd3579bfe52ffb0866fd.jpg,640,640,wheelchair,241,90,601,640
chairnex_625_jpg.rf.20589c51c452dd3579bfe52ffb0866fd.jpg,640,640,person-wheelchair,239,0,608,640
chair2_6961_jpg.rf.1e38bcf0a6f5fd40264ccd89439f3aa5.jpg,640,640,wheelchair,206,65,601,640
chair2_6961_jpg.rf.1e38bcf0a6f5fd40264ccd89439f3aa5.jpg,640,640,person-wheelchair,185,2,604,640
chair2_19103_jpg.rf.283e977cf3b847faa6488ad144acf607.jpg,640,640,person-wheelchair,240,37,501,599
chair2_19103_jpg.rf.283e977cf3b847faa6488ad144acf607.jpg,640,640,wheelchair,234,232,501,603
chair2_19103_jpg.rf.283e977cf3b847faa6488ad144acf607.jpg,640,640,human,510,225,548,449
chair_16936_jpg.rf.2e201fed36abc392b2d60a5a9dbc63b4.jpg,640,640,wheelchair,182,194,469,640
chair_16936_jpg.rf.2e201fed36abc392b2d60a5a9dbc63b4.jpg,640,640,person-wheelchair,181,0,473,633
chair2_19640_jpg.rf.1e2374b7feed7e0e03d5e88103f62f98.jpg,640,640,person-wheelchair,174,0,593,640
chair2_19640_jpg.rf.1e2374b7feed7e0e03d5e88103f62f98.jpg,640,640,wheelchair,176,127,588,640
chairnex_343_jpg.rf.3062b380756407993873b9f7c02fbf05.jpg,640,640,person-wheelchair,350,107,444,365
chairnex_343_jpg.rf.3062b380756407993873b9f7c02fbf05.jpg,640,640,wheelchair,348,204,446,360
chairnex_625_jpg.rf.2c720793286e1ec5c40a57aa392d1a15.jpg,640,640,wheelchair,241,90,601,640
chairnex_625_jpg.rf.2c720793286e1ec5c40a57aa392d1a15.jpg,640,640,person-wheelchair,239,0,608,640
chair_9312_jpg.rf.2ee7fb2c67a264ae2bbd1adb82b414fa.jpg,640,640,wheelchair,167,205,469,640
chair_9312_jpg.rf.2ee7fb2c67a264ae2bbd1adb82b414fa.jpg,640,640,person-wheelchair,156,75,466,640
chair2_3130_jpg.rf.35013368765e8a85c1e901fe8aaabf7d.jpg,640,640,person-wheelchair,197,0,447,640
chair2_3130_jpg.rf.35013368765e8a85c1e901fe8aaabf7d.jpg,640,640,wheelchair,193,188,441,640
chair_16809_jpg.rf.28b9a7fb1bc84cb7329e737a0f4aa0e9.jpg,640,640,person-wheelchair,286,168,421,523
chair_16809_jpg.rf.28b9a7fb1bc84cb7329e737a0f4aa0e9.jpg,640,640,wheelchair,292,267,420,535
chair2_17474_jpg.rf.2664ce65bd893637ba91bb13847425a0.jpg,640,640,person-wheelchair,310,0,600,640
chair2_17474_jpg.rf.2664ce65bd893637ba91bb13847425a0.jpg,640,640,wheelchair,310,170,585,640
chairnex_295_jpg.rf.312c7af17050170f6cc7bd2203b788ae.jpg,640,640,person-wheelchair,258,130,373,460
chairnex_295_jpg.rf.312c7af17050170f6cc7bd2203b788ae.jpg,640,640,wheelchair,253,259,373,453
chairnex_175_jpg.rf.3086332fed3f02767ef60750150cab4d.jpg,640,640,person-wheelchair,259,37,478,631
chairnex_175_jpg.rf.3086332fed3f02767ef60750150cab4d.jpg,640,640,wheelchair,242,290,474,635
chairnex_447_jpg.rf.34dfa12869ffb8016a805652dc213e88.jpg,640,640,person-wheelchair,201,75,381,561
chairnex_447_jpg.rf.34dfa12869ffb8016a805652dc213e88.jpg,640,640,wheelchair,199,284,368,572
chair2_13849_jpg.rf.2d13993a9eb0ee44ab86ebebdf5125e7.jpg,640,640,person-wheelchair,299,0,640,640
chair2_13849_jpg.rf.2d13993a9eb0ee44ab86ebebdf5125e7.jpg,640,640,wheelchair,298,187,631,640
chair_4242_jpg.rf.3112a40ac45c0fcb48a2e41a81c87eb0.jpg,640,640,person-wheelchair,195,14,431,622
chair_4242_jpg.rf.3112a40ac45c0fcb48a2e41a81c87eb0.jpg,640,640,wheelchair,198,207,428,616
chair_5575_jpg.rf.3629116a40d853d3940f59352bd52146.jpg,640,640,wheelchair,141,218,438,640
chair_5575_jpg.rf.3629116a40d853d3940f59352bd52146.jpg,640,640,person-wheelchair,130,4,438,640
chairnex_77_jpg.rf.3435fbf9822de99a85d6472f2fca4c8b.jpg,640,640,wheelchair,112,283,301,575
chairnex_77_jpg.rf.3435fbf9822de99a85d6472f2fca4c8b.jpg,640,640,person-wheelchair,112,108,304,581
chair2_15174_jpg.rf.34af338e452096bce523df243eda8d35.jpg,640,640,person-wheelchair,305,90,545,589
chair2_15174_jpg.rf.34af338e452096bce523df243eda8d35.jpg,640,640,wheelchair,304,223,544,586
chair2_10711_jpg.rf.3738cda617fbc43c0aa38dad62cb1062.jpg,640,640,person-wheelchair,93,2,492,640
chair2_10711_jpg.rf.3738cda617fbc43c0aa38dad62cb1062.jpg,640,640,wheelchair,105,111,456,640
chairnex_816_jpg.rf.34ae1f296946952dbf97ccc6a547e59a.jpg,640,640,person-wheelchair,208,33,418,640
chairnex_816_jpg.rf.34ae1f296946952dbf97ccc6a547e59a.jpg,640,640,wheelchair,200,250,428,639
chairnex_557_jpg.rf.2e3586db4f1134501995dce55bdd3267.jpg,640,640,person-wheelchair,265,6,538,624
chairnex_557_jpg.rf.2e3586db4f1134501995dce55bdd3267.jpg,640,640,wheelchair,277,193,533,623
chairnex_581_jpg.rf.368c5766be4e4ca97841558233e1c20d.jpg,640,640,person-wheelchair,402,168,546,556
chairnex_581_jpg.rf.368c5766be4e4ca97841558233e1c20d.jpg,640,640,wheelchair,393,308,543,550
chairnex_624_jpg.rf.36c98fdba7d818b7d737057dff090aa4.jpg,640,640,wheelchair,253,290,364,492
chairnex_624_jpg.rf.36c98fdba7d818b7d737057dff090aa4.jpg,640,640,person-wheelchair,247,85,365,491
chair2_5176_jpg.rf.379561b4cbfb6b5fd196981426ecda18.jpg,640,640,person-wheelchair,235,82,403,567
chair2_5176_jpg.rf.379561b4cbfb6b5fd196981426ecda18.jpg,640,640,wheelchair,244,237,400,566
chairnex_669_jpg.rf.373de3fc0085083d5c115c0654b6aa39.jpg,640,640,wheelchair,240,307,451,640
chairnex_669_jpg.rf.373de3fc0085083d5c115c0654b6aa39.jpg,640,640,person-wheelchair,209,13,446,640
chairnex_914_jpg.rf.36ee2ebb9a1dc49faf5de24d2bae852a.jpg,640,640,person-wheelchair,152,0,630,640
chairnex_914_jpg.rf.36ee2ebb9a1dc49faf5de24d2bae852a.jpg,640,640,person-wheelchair,170,137,610,640
chairnex_578_jpg.rf.3554f8fca6da5355e68b65048564d149.jpg,640,640,wheelchair,299,266,390,430
chairnex_578_jpg.rf.3554f8fca6da5355e68b65048564d149.jpg,640,640,person-wheelchair,299,172,393,432
chair2_4544_jpg.rf.38a2aa3ddd6792808ef219ad283a249d.jpg,640,640,person-wheelchair,232,133,375,544
chair2_4544_jpg.rf.38a2aa3ddd6792808ef219ad283a249d.jpg,640,640,wheelchair,237,267,384,568
chairnex_890_jpg.rf.38638e86d0741329cb47d8b8be646529.jpg,640,640,person-wheelchair,287,115,408,439
chairnex_890_jpg.rf.38638e86d0741329cb47d8b8be646529.jpg,640,640,wheelchair,288,244,410,426
chair2_13109_jpg.rf.363e5b178b2e181d6275602a1b331a65.jpg,640,640,person-wheelchair,346,2,640,640
chair2_13109_jpg.rf.363e5b178b2e181d6275602a1b331a65.jpg,640,640,wheelchair,339,208,638,640
chairnex_419_jpg.rf.39605400e2fe5e1d25edeaea4255f397.jpg,640,640,person-wheelchair,311,145,435,455
chairnex_419_jpg.rf.39605400e2fe5e1d25edeaea4255f397.jpg,640,640,wheelchair,304,268,432,442
chairnex_654_jpg.rf.37a386b02e205d6af521d1fa17d03b5d.jpg,640,640,person-wheelchair,140,127,314,598
chairnex_654_jpg.rf.37a386b02e205d6af521d1fa17d03b5d.jpg,640,640,wheelchair,143,322,324,598
chairnex_206_jpg.rf.3abea38ccbf096fedf31afbec37ecce4.jpg,640,640,wheelchair,300,250,382,381
chairnex_206_jpg.rf.3abea38ccbf096fedf31afbec37ecce4.jpg,640,640,person-wheelchair,297,135,382,383
chairnex_816_jpg.rf.42565433728fa25a8b9c4e190a1b88d4.jpg,640,640,person-wheelchair,208,33,418,640
chairnex_816_jpg.rf.42565433728fa25a8b9c4e190a1b88d4.jpg,640,640,wheelchair,200,250,428,639
chair2_7035_jpg.rf.39ac4bad4ee127c9fb2f5cb99cfe8f13.jpg,640,640,person-wheelchair,351,94,556,553
chair2_7035_jpg.rf.39ac4bad4ee127c9fb2f5cb99cfe8f13.jpg,640,640,wheelchair,355,242,557,551
chair_7690_jpg.rf.3ec281d458c373b9d0457ee35e5aa46f.jpg,640,640,person-wheelchair,204,114,394,611
chair_7690_jpg.rf.3ec281d458c373b9d0457ee35e5aa46f.jpg,640,640,wheelchair,204,242,388,602
chairnex_280_jpg.rf.3e7105e1e481e23794738e96f37c1340.jpg,640,640,person-wheelchair,326,142,413,369
chairnex_280_jpg.rf.3e7105e1e481e23794738e96f37c1340.jpg,640,640,wheelchair,322,228,411,365
chairnex_280_jpg.rf.3c162ba3ba51893741682087fa40ff3e.jpg,640,640,person-wheelchair,326,142,413,369
chairnex_280_jpg.rf.3c162ba3ba51893741682087fa40ff3e.jpg,640,640,wheelchair,322,228,411,365
chairnex_556_jpg.rf.3d85c667867eb72a80af4912c385dbb6.jpg,640,640,wheelchair,295,295,579,640
chairnex_556_jpg.rf.3d85c667867eb72a80af4912c385dbb6.jpg,640,640,person-wheelchair,289,0,579,640
chair_6106_jpg.rf.4102bf006acd4f485b7b3feb501b18ee.jpg,640,640,person-wheelchair,78,0,428,640
chair_6106_jpg.rf.4102bf006acd4f485b7b3feb501b18ee.jpg,640,640,wheelchair,79,200,427,640
chair2_19780_jpg.rf.40d507a7eaa90fd4027eae7b2d1d319d.jpg,640,640,person-wheelchair,300,173,406,505
chair2_19780_jpg.rf.40d507a7eaa90fd4027eae7b2d1d319d.jpg,640,640,wheelchair,299,288,408,503
chairnex_138_jpg.rf.3e2153070b8d801788b824d3aa58f27c.jpg,640,640,person-wheelchair,235,228,365,535
chairnex_138_jpg.rf.3e2153070b8d801788b824d3aa58f27c.jpg,640,640,wheelchair,230,332,360,531
chair2_11262_jpg.rf.43901775b5a4178755637bdf34ac9d91.jpg,640,640,wheelchair,283,238,626,640
chair2_11262_jpg.rf.43901775b5a4178755637bdf34ac9d91.jpg,640,640,person-wheelchair,287,3,638,631
chair2_5494_jpg.rf.3e4c37e5cad31006c417b97195e92959.jpg,640,640,wheelchair,156,134,478,640
chair2_5494_jpg.rf.3e4c37e5cad31006c417b97195e92959.jpg,640,640,person-wheelchair,152,6,478,640
chair_13129_jpg.rf.424a6fb50d44001efe8a682aa930f3a0.jpg,640,640,wheelchair,146,133,454,640
chair_13129_jpg.rf.424a6fb50d44001efe8a682aa930f3a0.jpg,640,640,person-wheelchair,144,0,446,640
chairnex_631_jpg.rf.3df05b04c20df283403b4621ed17e67d.jpg,640,640,person-wheelchair,296,74,529,640
chairnex_631_jpg.rf.3df05b04c20df283403b4621ed17e67d.jpg,640,640,wheelchair,304,338,532,640
chairnex_905_jpg.rf.437e9687fd38b1194a98bfcef4f9abbd.jpg,640,640,person-wheelchair,254,231,336,454
chairnex_905_jpg.rf.437e9687fd38b1194a98bfcef4f9abbd.jpg,640,640,wheelchair,258,326,331,450
chair_8980_jpg.rf.48876ea39053fc323a147a1f794d2708.jpg,640,640,person-wheelchair,127,28,419,640
chair_8980_jpg.rf.48876ea39053fc323a147a1f794d2708.jpg,640,640,wheelchair,131,222,427,634
chair2_9269_jpg.rf.40c7f526334c2dda3b64a9377eb8207d.jpg,640,640,person-wheelchair,284,1,640,640
chair2_9269_jpg.rf.40c7f526334c2dda3b64a9377eb8207d.jpg,640,640,wheelchair,289,231,640,640
chairnex_85_jpg.rf.4496453005a6ddd9277649ce2f94f6a1.jpg,640,640,wheelchair,260,260,456,551
chairnex_85_jpg.rf.4496453005a6ddd9277649ce2f94f6a1.jpg,640,640,person-wheelchair,262,59,458,577
chair2_11986_jpg.rf.40c3cae602e873786eee33cd451a6aa5.jpg,640,640,wheelchair,116,254,387,615
chair2_11986_jpg.rf.40c3cae602e873786eee33cd451a6aa5.jpg,640,640,person-wheelchair,106,32,400,617
chair_3118_jpg.rf.3ee61c31e5545e3a746f97299b12c66b.jpg,640,640,wheelchair,33,164,332,638
chair_3118_jpg.rf.3ee61c31e5545e3a746f97299b12c66b.jpg,640,640,person-wheelchair,29,1,336,640
chair_3118_jpg.rf.3ee61c31e5545e3a746f97299b12c66b.jpg,640,640,human,329,142,433,553
chairnex_18_jpg.rf.4acce76f4d8508130802fe41a8abf1b8.jpg,640,640,wheelchair,351,270,560,599
chairnex_18_jpg.rf.4acce76f4d8508130802fe41a8abf1b8.jpg,640,640,person-wheelchair,363,43,561,612
chair2_19059_jpg.rf.4ae965f6ae93d6e5d8ce53c23f445711.jpg,640,640,wheelchair,283,245,403,486
chair2_19059_jpg.rf.4ae965f6ae93d6e5d8ce53c23f445711.jpg,640,640,person-wheelchair,285,127,404,488
chair_2223_jpg.rf.4832e8d8c2cb2acf6a2a5bf6ace38b8d.jpg,640,640,wheelchair,149,224,337,601
chair_2223_jpg.rf.4832e8d8c2cb2acf6a2a5bf6ace38b8d.jpg,640,640,person-wheelchair,146,101,338,611
chair2_19640_jpg.rf.443e64b85ac8b18cd97c6ccd41fd93c6.jpg,640,640,person-wheelchair,47,0,466,640
chair2_19640_jpg.rf.443e64b85ac8b18cd97c6ccd41fd93c6.jpg,640,640,wheelchair,52,127,464,640
chair_6261_jpg.rf.3f7a0ac51dbb4b0de0421c028e4dedc6.jpg,640,640,wheelchair,312,208,552,632
chair_6261_jpg.rf.3f7a0ac51dbb4b0de0421c028e4dedc6.jpg,640,640,person-wheelchair,320,34,552,640
chair2_19780_jpg.rf.4adb5483d9c54d78381089f4327ca536.jpg,640,640,person-wheelchair,300,173,406,505
chair2_19780_jpg.rf.4adb5483d9c54d78381089f4327ca536.jpg,640,640,wheelchair,299,288,408,503
chairnex_301_jpg.rf.45abe3dfa754f7a3b2b7057521da15cf.jpg,640,640,wheelchair,246,286,389,529
chairnex_301_jpg.rf.45abe3dfa754f7a3b2b7057521da15cf.jpg,640,640,person-wheelchair,247,93,383,534
chair_16809_jpg.rf.4bd7797eed6b7e3d835ce6f6116a271d.jpg,640,640,person-wheelchair,286,168,421,523
chair_16809_jpg.rf.4bd7797eed6b7e3d835ce6f6116a271d.jpg,640,640,wheelchair,292,267,420,535
chair2_7458_jpg.rf.4ddec5486b661e5eb95030d75bfe185d.jpg,640,640,person-wheelchair,129,27,389,613
chair2_7458_jpg.rf.4ddec5486b661e5eb95030d75bfe185d.jpg,640,640,wheelchair,126,206,383,608
chair2_8352_jpg.rf.4d145d85d9c40902d7379a074bc94e09.jpg,640,640,wheelchair,388,219,630,640
chair2_8352_jpg.rf.4d145d85d9c40902d7379a074bc94e09.jpg,640,640,person-wheelchair,373,1,631,640
chair2_11262_jpg.rf.4daad7d9f05653a6018b2558b9e6f063.jpg,640,640,wheelchair,283,238,626,640
chair2_11262_jpg.rf.4daad7d9f05653a6018b2558b9e6f063.jpg,640,640,person-wheelchair,287,3,638,631
chair_5218_jpg.rf.4d4e02dc1b6c7acbdc703d62bb4833bc.jpg,640,640,person-wheelchair,146,0,424,640
chair_5218_jpg.rf.4d4e02dc1b6c7acbdc703d62bb4833bc.jpg,640,640,wheelchair,141,198,431,640
chair_5218_jpg.rf.4d4e02dc1b6c7acbdc703d62bb4833bc.jpg,640,640,human,378,21,494,527
chair_15836_jpg.rf.52d6c9dd9b10bef1c5edd77fb1c9c7c4.jpg,640,640,person-wheelchair,188,11,473,640
chair_15836_jpg.rf.52d6c9dd9b10bef1c5edd77fb1c9c7c4.jpg,640,640,wheelchair,193,197,458,639
chair2_3129_jpg.rf.4e1f833d09a051fde5c663b92952445d.jpg,640,640,person-wheelchair,68,57,362,618
chair2_3129_jpg.rf.4e1f833d09a051fde5c663b92952445d.jpg,640,640,wheelchair,72,232,356,599
chair2_3129_jpg.rf.4e1f833d09a051fde5c663b92952445d.jpg,640,640,human,466,105,575,499
chair2_19871_jpg.rf.51e7ad8856e1cc78584c229d683130f1.jpg,640,640,wheelchair,154,159,501,640
chair2_19871_jpg.rf.51e7ad8856e1cc78584c229d683130f1.jpg,640,640,person-wheelchair,159,2,496,640
chairnex_138_jpg.rf.4de813234704a19a79c61b3d3137c2d9.jpg,640,640,person-wheelchair,235,228,365,535
chairnex_138_jpg.rf.4de813234704a19a79c61b3d3137c2d9.jpg,640,640,wheelchair,230,332,360,531
chair2_4544_jpg.rf.53eaa0b9be8ea75a731f242296f6eafe.jpg,640,640,person-wheelchair,265,133,408,544
chair2_4544_jpg.rf.53eaa0b9be8ea75a731f242296f6eafe.jpg,640,640,wheelchair,257,267,404,568
chair2_5176_jpg.rf.5b1445cf483c2b2f0b506252004a435a.jpg,640,640,person-wheelchair,237,82,405,567
chair2_5176_jpg.rf.5b1445cf483c2b2f0b506252004a435a.jpg,640,640,wheelchair,241,237,397,566
chair2_14905_jpg.rf.503d1384d816e86b091923e9e2655302.jpg,640,640,wheelchair,216,245,438,579
chair2_14905_jpg.rf.503d1384d816e86b091923e9e2655302.jpg,640,640,person-wheelchair,208,69,434,571
chair2_12408_jpg.rf.557773673e68b6c14c4ef31f5a81e701.jpg,640,640,person-wheelchair,116,49,385,630
chair2_12408_jpg.rf.557773673e68b6c14c4ef31f5a81e701.jpg,640,640,wheelchair,119,204,385,631
chair_6651_jpg.rf.581d76c5439939dbb4ab98292abd0835.jpg,640,640,wheelchair,190,188,464,640
chair_6651_jpg.rf.581d76c5439939dbb4ab98292abd0835.jpg,640,640,person-wheelchair,184,0,467,640
chair_17720_jpg.rf.538fa91f911c3187194791ed309e36d1.jpg,640,640,person-wheelchair,182,0,454,640
chair_17720_jpg.rf.538fa91f911c3187194791ed309e36d1.jpg,640,640,wheelchair,180,199,456,640
chairnex_252_jpg.rf.55bf5bca22ce363c48c888c21e8b0d00.jpg,640,640,wheelchair,224,239,423,599
chairnex_252_jpg.rf.55bf5bca22ce363c48c888c21e8b0d00.jpg,640,640,person-wheelchair,232,23,424,573
chair2_19059_jpg.rf.4e6634935b751dd279cff2ab4cc0eb69.jpg,640,640,wheelchair,238,245,358,486
chair2_19059_jpg.rf.4e6634935b751dd279cff2ab4cc0eb69.jpg,640,640,person-wheelchair,237,127,356,488
chair_8980_jpg.rf.5370a9c662e6be8f3425de8c2c553601.jpg,640,640,person-wheelchair,127,28,419,640
chair_8980_jpg.rf.5370a9c662e6be8f3425de8c2c553601.jpg,640,640,wheelchair,131,222,427,634
chairnex_932_jpg.rf.5df4cd3f28ce68ae4da66cd69dddb027.jpg,640,640,person-wheelchair,215,79,343,447
chairnex_932_jpg.rf.5df4cd3f28ce68ae4da66cd69dddb027.jpg,640,640,wheelchair,228,257,346,447
chair_16936_jpg.rf.5b383b187dc34e7b414b450b3d271656.jpg,640,640,wheelchair,171,194,458,640
chair_16936_jpg.rf.5b383b187dc34e7b414b450b3d271656.jpg,640,640,person-wheelchair,167,0,459,633
chair2_1419_jpg.rf.569027191ba9443b204deece28d9f5c5.jpg,640,640,wheelchair,285,289,391,491
chair2_1419_jpg.rf.569027191ba9443b204deece28d9f5c5.jpg,640,640,person-wheelchair,288,189,392,494
chairnex_18_jpg.rf.5df5822703a1a0d686d438ea262b43e3.jpg,640,640,wheelchair,80,270,289,599
chairnex_18_jpg.rf.5df5822703a1a0d686d438ea262b43e3.jpg,640,640,person-wheelchair,79,43,277,612
chairnex_906_jpg.rf.537165b435eeb1c6dbec9b2e7a04bc49.jpg,640,640,wheelchair,248,324,420,623
chairnex_906_jpg.rf.537165b435eeb1c6dbec9b2e7a04bc49.jpg,640,640,person-wheelchair,255,101,427,616
chairnex_935_jpg.rf.5e9b970651127a4feb1a57669c3ae692.jpg,640,640,person-wheelchair,341,119,468,475
chairnex_935_jpg.rf.5e9b970651127a4feb1a57669c3ae692.jpg,640,640,wheelchair,350,299,459,475
chair2_18491_jpg.rf.5e188be10a8decc91db4cf5ab014e5fd.jpg,640,640,wheelchair,37,198,323,640
chair2_18491_jpg.rf.5e188be10a8decc91db4cf5ab014e5fd.jpg,640,640,person-wheelchair,35,1,312,639
chair2_14711_jpg.rf.5daffc3a5426361d19a373c0db6fb090.jpg,640,640,wheelchair,152,229,382,587
chair2_14711_jpg.rf.5daffc3a5426361d19a373c0db6fb090.jpg,640,640,person-wheelchair,133,46,391,584
chair2_14711_jpg.rf.5daffc3a5426361d19a373c0db6fb090.jpg,640,640,human,0,163,60,458
chair2_6292_jpg.rf.5635a6e04cfbb9e77677a70ab5136fe6.jpg,640,640,wheelchair,110,195,372,640
chair2_6292_jpg.rf.5635a6e04cfbb9e77677a70ab5136fe6.jpg,640,640,person-wheelchair,107,0,365,640
chairnex_669_jpg.rf.60673c17726c476490557990c877468c.jpg,640,640,wheelchair,240,307,451,640
chairnex_669_jpg.rf.60673c17726c476490557990c877468c.jpg,640,640,person-wheelchair,209,13,446,640
chair2_3824_jpg.rf.63b121d206285b9968bb0b8cf46b9231.jpg,640,640,wheelchair,227,198,524,633
chair2_3824_jpg.rf.63b121d206285b9968bb0b8cf46b9231.jpg,640,640,person-wheelchair,230,6,528,634
chair2_3824_jpg.rf.63b121d206285b9968bb0b8cf46b9231.jpg,640,640,human,60,105,138,484
chairnex_556_jpg.rf.5c3d70a6d54fc2bc5f3ef4132497c1d2.jpg,640,640,wheelchair,62,295,346,640
chairnex_556_jpg.rf.5c3d70a6d54fc2bc5f3ef4132497c1d2.jpg,640,640,person-wheelchair,61,0,351,640
chair_10174_jpg.rf.5cf34bd9843dd61d7b422d3be893d647.jpg,640,640,wheelchair,241,189,447,631
chair_10174_jpg.rf.5cf34bd9843dd61d7b422d3be893d647.jpg,640,640,person-wheelchair,244,10,454,630
chairnex_400_jpg.rf.5fcc67af65821b10aa793117116c4b17.jpg,640,640,wheelchair,231,317,438,628
chairnex_400_jpg.rf.5fcc67af65821b10aa793117116c4b17.jpg,640,640,person-wheelchair,236,42,430,610
chair2_12471_jpg.rf.5f72e99d9a6f1afacea005fab5218a7b.jpg,640,640,wheelchair,225,302,305,468
chair2_12471_jpg.rf.5f72e99d9a6f1afacea005fab5218a7b.jpg,640,640,person-wheelchair,224,203,310,471
chair2_8096_jpg.rf.65a167c63b24e1fa12c7cb35cfe16323.jpg,640,640,person-wheelchair,139,212,251,546
chair2_8096_jpg.rf.65a167c63b24e1fa12c7cb35cfe16323.jpg,640,640,wheelchair,139,318,241,529
chairnex_13_jpg.rf.612e3613563e78ca501c17175fe3609d.jpg,640,640,wheelchair,321,338,463,573
chairnex_13_jpg.rf.612e3613563e78ca501c17175fe3609d.jpg,640,640,person-wheelchair,316,140,458,568
chair_2223_jpg.rf.651f9c518ca3449e09d4862df0489b78.jpg,640,640,wheelchair,304,224,492,601
chair_2223_jpg.rf.651f9c518ca3449e09d4862df0489b78.jpg,640,640,person-wheelchair,302,101,494,611
chair_10174_jpg.rf.64ee22d102bf7793889dd26d5697f8a1.jpg,640,640,wheelchair,193,189,399,631
chair_10174_jpg.rf.64ee22d102bf7793889dd26d5697f8a1.jpg,640,640,person-wheelchair,186,10,396,630
chairnex_812_jpg.rf.663506e9051c69ab884cd62380575292.jpg,640,640,person-wheelchair,218,0,418,507
chairnex_812_jpg.rf.663506e9051c69ab884cd62380575292.jpg,640,640,wheelchair,222,183,410,505
chair2_3666_jpg.rf.65313cb80f4f3e2850c75f91c66fa9aa.jpg,640,640,person-wheelchair,279,186,386,530
chair2_3666_jpg.rf.65313cb80f4f3e2850c75f91c66fa9aa.jpg,640,640,wheelchair,281,317,381,521
chair2_2443_jpg.rf.6484164f189fdae65738fec4dd5bd7f7.jpg,640,640,wheelchair,249,204,444,618
chair2_2443_jpg.rf.6484164f189fdae65738fec4dd5bd7f7.jpg,640,640,person-wheelchair,242,22,444,615
chair2_14905_jpg.rf.5f11eb9466d4021371ffda8b4130ff28.jpg,640,640,wheelchair,202,245,424,579
chair2_14905_jpg.rf.5f11eb9466d4021371ffda8b4130ff28.jpg,640,640,person-wheelchair,206,69,432,571
chair_10039_jpg.rf.65fd6a27a1bbdffc0149eb2a633be574.jpg,640,640,person-wheelchair,28,26,306,624
chair_10039_jpg.rf.65fd6a27a1bbdffc0149eb2a633be574.jpg,640,640,wheelchair,32,222,298,622
chair2_15174_jpg.rf.679de3175acf8084ff3866e73d69575f.jpg,640,640,person-wheelchair,305,90,545,589
chair2_15174_jpg.rf.679de3175acf8084ff3866e73d69575f.jpg,640,640,wheelchair,304,223,544,586
chair2_3130_jpg.rf.671020546741558857cfcd656ff79043.jpg,640,640,person-wheelchair,194,0,444,640
chair2_3130_jpg.rf.671020546741558857cfcd656ff79043.jpg,640,640,wheelchair,200,188,448,640
chairnex_932_jpg.rf.65ce3e0ffe245ac61db2db146bad2e50.jpg,640,640,person-wheelchair,297,79,425,447
chairnex_932_jpg.rf.65ce3e0ffe245ac61db2db146bad2e50.jpg,640,640,wheelchair,294,257,412,447
chairnex_992_jpg.rf.67349dc97d02f1e1dc77e5531702465c.jpg,640,640,wheelchair,265,116,578,586
chairnex_992_jpg.rf.67349dc97d02f1e1dc77e5531702465c.jpg,640,640,person-wheelchair,263,0,577,584
chairnex_419_jpg.rf.6a55cbdc46ca5efbec1e9b1ad754c947.jpg,640,640,person-wheelchair,311,145,435,455
chairnex_419_jpg.rf.6a55cbdc46ca5efbec1e9b1ad754c947.jpg,640,640,wheelchair,304,268,432,442
chair2_7750_jpg.rf.65b8463c272ed9d0def9cb3562991bc5.jpg,640,640,person-wheelchair,247,60,395,513
chair2_7750_jpg.rf.65b8463c272ed9d0def9cb3562991bc5.jpg,640,640,wheelchair,251,215,394,511
chair_9312_jpg.rf.6c54c1a7a48eb6af7a94d42a2d93f1a0.jpg,640,640,wheelchair,167,205,469,640
chair_9312_jpg.rf.6c54c1a7a48eb6af7a94d42a2d93f1a0.jpg,640,640,person-wheelchair,156,75,466,640
chair2_6623_jpg.rf.6bf599df25ce0574abb5d811d178f941.jpg,640,640,wheelchair,243,219,441,617
chair2_6623_jpg.rf.6bf599df25ce0574abb5d811d178f941.jpg,640,640,person-wheelchair,244,23,442,614
chair2_6623_jpg.rf.6bf599df25ce0574abb5d811d178f941.jpg,640,640,human,512,238,548,444
chair2_7903_jpg.rf.70b06ee0d933c99185a94d81036c063c.jpg,640,640,wheelchair,248,203,375,489
chair2_7903_jpg.rf.70b06ee0d933c99185a94d81036c063c.jpg,640,640,person-wheelchair,244,85,380,487
chair2_7903_jpg.rf.6c5f5467ad452e1e10866f3b33379a5d.jpg,640,640,wheelchair,265,203,392,489
chair2_7903_jpg.rf.6c5f5467ad452e1e10866f3b33379a5d.jpg,640,640,person-wheelchair,260,85,396,487
chair2_8096_jpg.rf.6dffdf593de25f4373672da2014363df.jpg,640,640,person-wheelchair,139,212,251,546
chair2_8096_jpg.rf.6dffdf593de25f4373672da2014363df.jpg,640,640,wheelchair,139,318,241,529
chairnex_578_jpg.rf.73149f118817c512609ff407e9aeaf57.jpg,640,640,wheelchair,299,266,390,430
chairnex_578_jpg.rf.73149f118817c512609ff407e9aeaf57.jpg,640,640,person-wheelchair,299,172,393,432
chairnex_705_jpg.rf.73f5f521b1737c0bb2d7452802831dde.jpg,640,640,wheelchair,315,283,429,462
chairnex_705_jpg.rf.73f5f521b1737c0bb2d7452802831dde.jpg,640,640,person-wheelchair,312,152,431,465
chair2_1419_jpg.rf.6fe90df97319461659384b1656e0d459.jpg,640,640,wheelchair,249,289,355,491
chair2_1419_jpg.rf.6fe90df97319461659384b1656e0d459.jpg,640,640,person-wheelchair,248,189,352,494
chairnex_211_jpg.rf.6a5b2bdef9129bc69951bfa4fe4aa094.jpg,640,640,person-wheelchair,257,189,414,535
chairnex_211_jpg.rf.6a5b2bdef9129bc69951bfa4fe4aa094.jpg,640,640,wheelchair,255,316,407,534
chairnex_422_jpg.rf.6bb37208b547d3ab6149c77dc57cef25.jpg,640,640,wheelchair,283,247,490,617
chairnex_422_jpg.rf.6bb37208b547d3ab6149c77dc57cef25.jpg,640,640,person-wheelchair,282,15,486,629
chair2_2987_jpg.rf.6d480feeb4723d157d8da922dcc265c1.jpg,640,640,person-wheelchair,91,2,473,640
chair2_2987_jpg.rf.6d480feeb4723d157d8da922dcc265c1.jpg,640,640,wheelchair,90,124,471,640
chair2_6681_jpg.rf.7311953e0795c038cb42f8f16cb6bd32.jpg,640,640,wheelchair,110,164,382,640
chair2_6681_jpg.rf.7311953e0795c038cb42f8f16cb6bd32.jpg,640,640,person-wheelchair,96,1,392,640
chairnex_295_jpg.rf.6c38c0f6c4907cf91b94ad3cc730acd2.jpg,640,640,person-wheelchair,258,130,373,460
chairnex_295_jpg.rf.6c38c0f6c4907cf91b94ad3cc730acd2.jpg,640,640,wheelchair,253,259,373,453
chair2_1419_jpg.rf.6df7865b5669d304374ed47901bc6c20.jpg,640,640,wheelchair,249,289,355,491
chair2_1419_jpg.rf.6df7865b5669d304374ed47901bc6c20.jpg,640,640,person-wheelchair,248,189,352,494
chair_4270_jpg.rf.718199ddf66db2bfaa180af1271339d6.jpg,640,640,wheelchair,164,229,472,640
chair_4270_jpg.rf.718199ddf66db2bfaa180af1271339d6.jpg,640,640,person-wheelchair,165,11,480,640
chairnex_46_jpg.rf.6fcd9e1c0f829ff724588ae9916f3b28.jpg,640,640,wheelchair,210,336,423,640
chairnex_46_jpg.rf.6fcd9e1c0f829ff724588ae9916f3b28.jpg,640,640,person-wheelchair,197,49,426,640
chair2_15334_jpg.rf.72536c203589ac41903365f3c155ef13.jpg,640,640,wheelchair,74,146,419,640
chair2_15334_jpg.rf.72536c203589ac41903365f3c155ef13.jpg,640,640,person-wheelchair,100,1,422,640
chairnex_175_jpg.rf.76b71e406856a41f86f81e2f4a849398.jpg,640,640,person-wheelchair,163,37,382,631
chairnex_175_jpg.rf.76b71e406856a41f86f81e2f4a849398.jpg,640,640,wheelchair,166,290,398,635
chairnex_987_jpg.rf.6a049baf2d2c159848ab81cae88b4ab6.jpg,640,640,wheelchair,257,322,489,640
chairnex_987_jpg.rf.6a049baf2d2c159848ab81cae88b4ab6.jpg,640,640,person-wheelchair,253,68,511,640
chair2_18684_jpg.rf.72d9140764ec894b5318f3aca8698f5e.jpg,640,640,person-wheelchair,222,7,390,551
chair2_18684_jpg.rf.72d9140764ec894b5318f3aca8698f5e.jpg,640,640,wheelchair,219,184,391,545
chair2_18684_jpg.rf.72d9140764ec894b5318f3aca8698f5e.jpg,640,640,human,63,0,227,561
chair2_18684_jpg.rf.72d9140764ec894b5318f3aca8698f5e.jpg,640,640,human,388,0,496,596
chair2_6961_jpg.rf.75930a3a9d17db2c389073823a2ea6cd.jpg,640,640,wheelchair,206,65,601,640
chair2_6961_jpg.rf.75930a3a9d17db2c389073823a2ea6cd.jpg,640,640,person-wheelchair,185,2,604,640
chair_17720_jpg.rf.77153aa71269611674e40ac96b5b2a04.jpg,640,640,person-wheelchair,182,0,454,640
chair_17720_jpg.rf.77153aa71269611674e40ac96b5b2a04.jpg,640,640,wheelchair,180,199,456,640
chairnex_192_jpg.rf.79a00ef08687902885fc65ff165b4535.jpg,640,640,wheelchair,0,33,406,640
chairnex_639_jpg.rf.7c6c264d16b79a68449dfe0759f22fc4.jpg,640,640,wheelchair,168,292,354,608
chairnex_639_jpg.rf.7c6c264d16b79a68449dfe0759f22fc4.jpg,640,640,person-wheelchair,167,101,353,603
chair_6106_jpg.rf.76c6cc5725cb04b6b97a67007457344f.jpg,640,640,person-wheelchair,212,0,562,640
chair_6106_jpg.rf.76c6cc5725cb04b6b97a67007457344f.jpg,640,640,wheelchair,213,200,561,640
chairnex_935_jpg.rf.7c5ea332ffefeab5e087dd6fec4d5e03.jpg,640,640,person-wheelchair,172,119,299,475
chairnex_935_jpg.rf.7c5ea332ffefeab5e087dd6fec4d5e03.jpg,640,640,wheelchair,182,299,291,475
chair2_19059_jpg.rf.73d5e4c6cfcaf096692e71356a9d6fdb.jpg,640,640,wheelchair,238,245,358,486
chair2_19059_jpg.rf.73d5e4c6cfcaf096692e71356a9d6fdb.jpg,640,640,person-wheelchair,237,127,356,488
chair2_12408_jpg.rf.7d957fd59d1a0a29a1978b4c537fcac5.jpg,640,640,person-wheelchair,116,49,385,630
chair2_12408_jpg.rf.7d957fd59d1a0a29a1978b4c537fcac5.jpg,640,640,wheelchair,119,204,385,631
chairnex_422_jpg.rf.73461e303e3e3f2624a989c427b1329e.jpg,640,640,wheelchair,150,247,357,617
chairnex_422_jpg.rf.73461e303e3e3f2624a989c427b1329e.jpg,640,640,person-wheelchair,154,15,358,629
chair2_5494_jpg.rf.7927faec42ffe695860c9c2100923481.jpg,640,640,wheelchair,156,134,478,640
chair2_5494_jpg.rf.7927faec42ffe695860c9c2100923481.jpg,640,640,person-wheelchair,152,6,478,640
chair2_3666_jpg.rf.7cd9f755297bfbf3ff31764eca06cdf2.jpg,640,640,person-wheelchair,279,186,386,530
chair2_3666_jpg.rf.7cd9f755297bfbf3ff31764eca06cdf2.jpg,640,640,wheelchair,281,317,381,521
chair_14812_jpg.rf.7dc706d30d32039e1d28da6f4d0228eb.jpg,640,640,wheelchair,59,198,365,640
chair_14812_jpg.rf.7dc706d30d32039e1d28da6f4d0228eb.jpg,640,640,person-wheelchair,52,53,365,640
chairnex_511_jpg.rf.7d9ab4c2c12879394053d4c6f010faad.jpg,640,640,wheelchair,136,337,420,640
chairnex_511_jpg.rf.7d9ab4c2c12879394053d4c6f010faad.jpg,640,640,person-wheelchair,128,15,426,640
chairnex_250_jpg.rf.7876a8a10edc63e015c35eb334474d3e.jpg,640,640,person-wheelchair,176,84,381,604
chairnex_250_jpg.rf.7876a8a10edc63e015c35eb334474d3e.jpg,640,640,wheelchair,171,256,395,600
chairnex_175_jpg.rf.7cb64e7cca6c27d67093a58e9363a907.jpg,640,640,person-wheelchair,259,37,478,631
chairnex_175_jpg.rf.7cb64e7cca6c27d67093a58e9363a907.jpg,640,640,wheelchair,242,290,474,635
chair2_18491_jpg.rf.80791148e05d39e64ffba258a9d7e4cd.jpg,640,640,wheelchair,317,198,603,640
chair2_18491_jpg.rf.80791148e05d39e64ffba258a9d7e4cd.jpg,640,640,person-wheelchair,329,1,606,639
chair2_19103_jpg.rf.7ef95106562e504357ff884ad8724767.jpg,640,640,person-wheelchair,140,37,401,599
chair2_19103_jpg.rf.7ef95106562e504357ff884ad8724767.jpg,640,640,wheelchair,140,232,407,603
chair2_19103_jpg.rf.7ef95106562e504357ff884ad8724767.jpg,640,640,human,93,225,131,449
chairnex_914_jpg.rf.800455f194126aecabb92d6862204575.jpg,640,640,person-wheelchair,152,0,630,640
chairnex_914_jpg.rf.800455f194126aecabb92d6862204575.jpg,640,640,person-wheelchair,170,137,610,640
chair2_18691_jpg.rf.81b2ba4aa100529269f99eb52cc1a336.jpg,640,640,human,565,146,635,508
chair2_18691_jpg.rf.81b2ba4aa100529269f99eb52cc1a336.jpg,640,640,human,67,184,125,458
chair2_18691_jpg.rf.81b2ba4aa100529269f99eb52cc1a336.jpg,640,640,wheelchair,115,195,399,635
chair2_18691_jpg.rf.81b2ba4aa100529269f99eb52cc1a336.jpg,640,640,person-wheelchair,117,0,397,622
chairnex_297_jpg.rf.808ac38c8564867815f8562fae5f48c4.jpg,640,640,person-wheelchair,124,0,618,640
chairnex_297_jpg.rf.808ac38c8564867815f8562fae5f48c4.jpg,640,640,wheelchair,123,105,619,640
chairnex_479_jpg.rf.7de017767925464e07b388b17b4be9c2.jpg,640,640,wheelchair,202,299,381,640
chairnex_479_jpg.rf.7de017767925464e07b388b17b4be9c2.jpg,640,640,person-wheelchair,196,72,414,636
chair2_12641_jpg.rf.823373b4126f4b908418b5e5a0d4770d.jpg,640,640,wheelchair,211,211,459,636
chair2_12641_jpg.rf.823373b4126f4b908418b5e5a0d4770d.jpg,640,640,person-wheelchair,213,4,458,605
chair2_12641_jpg.rf.823373b4126f4b908418b5e5a0d4770d.jpg,640,640,human,44,178,114,470
chair2_12641_jpg.rf.823373b4126f4b908418b5e5a0d4770d.jpg,640,640,human,481,214,515,441
chair2_8352_jpg.rf.7f55ad240261c37e2adebe678643629b.jpg,640,640,wheelchair,10,219,252,640
chair2_8352_jpg.rf.7f55ad240261c37e2adebe678643629b.jpg,640,640,person-wheelchair,9,1,267,640
chair_1141_jpg.rf.803c19b5fcd4912517fcb6cf3aeb40fc.jpg,640,640,person-wheelchair,258,31,454,611
chair_1141_jpg.rf.803c19b5fcd4912517fcb6cf3aeb40fc.jpg,640,640,wheelchair,251,217,449,589
chair2_2096_jpg.rf.8291748f54218d083818b1352b321188.jpg,640,640,wheelchair,295,277,401,503
chair2_2096_jpg.rf.8291748f54218d083818b1352b321188.jpg,640,640,person-wheelchair,294,176,402,501
chairnex_504_jpg.rf.8dc9d7d1f2c790d67730406b984fd198.jpg,640,640,person-wheelchair,294,1,504,640
chairnex_504_jpg.rf.8dc9d7d1f2c790d67730406b984fd198.jpg,640,640,wheelchair,289,302,501,640
chairnex_894_jpg.rf.7df4d4a152a6aab702d15cbca21af932.jpg,640,640,wheelchair,281,291,419,517
chairnex_894_jpg.rf.7df4d4a152a6aab702d15cbca21af932.jpg,640,640,person-wheelchair,237,27,469,515
chair2_11986_jpg.rf.8d83e7b6d5a1cb0d48bd689c114e8c0b.jpg,640,640,wheelchair,116,254,387,615
chair2_11986_jpg.rf.8d83e7b6d5a1cb0d48bd689c114e8c0b.jpg,640,640,person-wheelchair,106,32,400,617
chair_14812_jpg.rf.8acdb5d10056db6714452d6359171a2a.jpg,640,640,wheelchair,276,198,582,640
chair_14812_jpg.rf.8acdb5d10056db6714452d6359171a2a.jpg,640,640,person-wheelchair,276,53,589,640
chair2_3089_jpg.rf.8b2f10cec72f6b3a9b212f8c6e4f11c0.jpg,640,640,wheelchair,11,170,329,635
chair2_3089_jpg.rf.8b2f10cec72f6b3a9b212f8c6e4f11c0.jpg,640,640,person-wheelchair,7,0,330,637
chairnex_504_jpg.rf.8d9ace4b7c2d1784c657370f6a7d4fa3.jpg,640,640,person-wheelchair,294,1,504,640
chairnex_504_jpg.rf.8d9ace4b7c2d1784c657370f6a7d4fa3.jpg,640,640,wheelchair,289,302,501,640
chair2_3129_jpg.rf.835ecb11c225143b41d84d9381c0de18.jpg,640,640,person-wheelchair,68,57,362,618
chair2_3129_jpg.rf.835ecb11c225143b41d84d9381c0de18.jpg,640,640,wheelchair,72,232,356,599
chair2_3129_jpg.rf.835ecb11c225143b41d84d9381c0de18.jpg,640,640,human,466,105,575,499
chairnex_400_jpg.rf.7e3c37396d6df4faf87c892786526890.jpg,640,640,wheelchair,202,317,409,628
chairnex_400_jpg.rf.7e3c37396d6df4faf87c892786526890.jpg,640,640,person-wheelchair,210,42,404,610
chair2_9887_jpg.rf.8d8541bee4dd3f43182c0bb24a95e22a.jpg,640,640,person-wheelchair,263,137,388,536
chair2_9887_jpg.rf.8d8541bee4dd3f43182c0bb24a95e22a.jpg,640,640,wheelchair,264,271,388,526
chair2_12641_jpg.rf.8860171f5967b4d65e7cbb4dd019a512.jpg,640,640,wheelchair,181,211,429,636
chair2_12641_jpg.rf.8860171f5967b4d65e7cbb4dd019a512.jpg,640,640,person-wheelchair,183,4,428,605
chair2_12641_jpg.rf.8860171f5967b4d65e7cbb4dd019a512.jpg,640,640,human,526,178,596,470
chair2_12641_jpg.rf.8860171f5967b4d65e7cbb4dd019a512.jpg,640,640,human,125,214,159,441
chairnex_557_jpg.rf.8dfdc9200daa9512f39caa745e823d69.jpg,640,640,person-wheelchair,103,6,376,624
chairnex_557_jpg.rf.8dfdc9200daa9512f39caa745e823d69.jpg,640,640,wheelchair,107,193,363,623
chairnex_154_jpg.rf.82b4f90bcfae916fdfa04071b1161d1b.jpg,640,640,wheelchair,161,305,383,626
chairnex_154_jpg.rf.82b4f90bcfae916fdfa04071b1161d1b.jpg,640,640,person-wheelchair,163,28,385,624
chair2_11986_jpg.rf.7e133f8918b982336595f17827596df8.jpg,640,640,wheelchair,253,254,524,615
chair2_11986_jpg.rf.7e133f8918b982336595f17827596df8.jpg,640,640,person-wheelchair,240,32,534,617
chair2_13247_jpg.rf.88c1310b45be1b5860ee2c7d0c8dcbbb.jpg,640,640,person-wheelchair,238,205,328,487
chair2_13247_jpg.rf.88c1310b45be1b5860ee2c7d0c8dcbbb.jpg,640,640,wheelchair,240,302,322,487
chair2_19780_jpg.rf.8e448608a3efa0c6af49847eb382e9cc.jpg,640,640,person-wheelchair,234,173,340,505
chair2_19780_jpg.rf.8e448608a3efa0c6af49847eb382e9cc.jpg,640,640,wheelchair,232,288,341,503
chair2_15174_jpg.rf.9042642f9aa806f9ec57bf13d2dbe193.jpg,640,640,person-wheelchair,305,90,545,589
chair2_15174_jpg.rf.9042642f9aa806f9ec57bf13d2dbe193.jpg,640,640,wheelchair,304,223,544,586
chairnex_192_jpg.rf.8f95dcc6682222f36db77d1da744ed01.jpg,640,640,wheelchair,234,33,640,640
chairnex_447_jpg.rf.8e732c37459a23b867ce91f440d742f2.jpg,640,640,person-wheelchair,259,75,439,561
chairnex_447_jpg.rf.8e732c37459a23b867ce91f440d742f2.jpg,640,640,wheelchair,273,284,442,572
chair2_12408_jpg.rf.8ffb2d397e2ee141c865c799f24fa64e.jpg,640,640,person-wheelchair,116,49,385,630
chair2_12408_jpg.rf.8ffb2d397e2ee141c865c799f24fa64e.jpg,640,640,wheelchair,119,204,385,631
chairnex_206_jpg.rf.90a4338a1c64c69750d3b8891c473026.jpg,640,640,wheelchair,300,250,382,381
chairnex_206_jpg.rf.90a4338a1c64c69750d3b8891c473026.jpg,640,640,person-wheelchair,297,135,382,383
chair_9352_jpg.rf.903deb7532debfc4d259e0e0f4d170e3.jpg,640,640,person-wheelchair,233,111,391,580
chair_9352_jpg.rf.903deb7532debfc4d259e0e0f4d170e3.jpg,640,640,wheelchair,235,251,385,563
chairnex_77_jpg.rf.8fa231f238c6c83f1cbb7789af244f01.jpg,640,640,wheelchair,112,283,301,575
chairnex_77_jpg.rf.8fa231f238c6c83f1cbb7789af244f01.jpg,640,640,person-wheelchair,112,108,304,581
chair2_13109_jpg.rf.8f78e81341f0c7e732a4da2e7af8d087.jpg,640,640,person-wheelchair,346,2,640,640
chair2_13109_jpg.rf.8f78e81341f0c7e732a4da2e7af8d087.jpg,640,640,wheelchair,339,208,638,640
chair2_14711_jpg.rf.9017d36098653d02c21feec7d74c4270.jpg,640,640,wheelchair,152,229,382,587
chair2_14711_jpg.rf.9017d36098653d02c21feec7d74c4270.jpg,640,640,person-wheelchair,133,46,391,584
chair2_14711_jpg.rf.9017d36098653d02c21feec7d74c4270.jpg,640,640,human,0,163,60,458
chairnex_631_jpg.rf.8df440ba0dfab6555d0a03ef2a38ba61.jpg,640,640,person-wheelchair,296,74,529,640
chairnex_631_jpg.rf.8df440ba0dfab6555d0a03ef2a38ba61.jpg,640,640,wheelchair,304,338,532,640