﻿filename;label
human-wheelchair9.jpg;human-wheelchair
human-wheelchair12.jpg;human-wheelchair
human-wheelchair14.jpg;human-wheelchair
human-wheelchair16.jpg;human-wheelchair
human-wheelchair1.jpg;human-wheelchair
human-wheelchair2.jpg;human-wheelchair
human-wheelchair3.jpg;human-wheelchair
human-wheelchair4.jpg;human-wheelchair
human-wheelchair5.jpg;human-wheelchair
human-wheelchair7.jpg;human-wheelchair
human-wheelchair8.jpg;human-wheelchair
human-wheelchair10.jpg;human-wheelchair
human-wheelchair11.jpg;human-wheelchair
human-wheelchair13.jpg;human-wheelchair
human-wheelchair15.jpg;human-wheelchair
human-wheelchair17.jpg;human-wheelchair
human-wheelchair18.jpg;human-wheelchair
human-wheelchair19.jpg;human-wheelchair
human-wheelchair20.jpg;human-wheelchair
human-wheelchair21.jpg;human-wheelchair
human-wheelchair22.jpg;human-wheelchair
human-wheelchair23.jpg;human-wheelchair
human-wheelchair24.jpg;human-wheelchair
human-wheelchair25.jpg;human-wheelchair
human-wheelchair26.jpg;human-wheelchair
human-wheelchair27.jpg;human-wheelchair
human-wheelchair28.jpg;human-wheelchair
human-wheelchair29.jpg;human-wheelchair
human-wheelchair30.jpg;human-wheelchair
human-wheelchair31.jpg;human-wheelchair
human-wheelchair32.jpg;human-wheelchair
human1.jpeg;human 
human2.jpeg;human 
human3.jpeg;human 
human4.jpeg;human 
human5.jpeg;human 
human6.jpeg;human 
human7.jpeg;human 
human8.jpeg;human 
human9.jpeg;human 
human10.jpeg;human 
human11.jpeg;human 
human12.jpeg;human 
human13.jpeg;human 
human14.jpeg;human 
human15.jpeg;human 
human16.jpeg;human 
human17.jpeg;human 
human18.jpeg;human 
human19.jpeg;human 
human20.jpeg;human 
wheelchair1.jpeg;wheelchair
wheelchair2.jpeg;wheelchair
wheelchair3.jpeg;wheelchair
wheelchair4.jpeg;wheelchair
wheelchair5.jpeg;wheelchair
wheelchair6.jpeg;wheelchair
wheelchair7.jpeg;wheelchair
wheelchair8.jpeg;wheelchair
wheelchair9.jpeg;wheelchair
wheelchair10.jpeg;wheelchair
wheelchair11.jpeg;wheelchair
wheelchair12.jpeg;wheelchair
wheelchair13.jpeg;wheelchair
wheelchair14.jpeg;wheelchair
wheelchair15.jpeg;wheelchair
wheelchair16.jpeg;wheelchair
wheelchair17.jpeg;wheelchair
wheelchair18.jpeg;wheelchair
wheelchair19.jpeg;wheelchair
wheelchair20.jpeg;wheelchair